rank;name;pos;season
1;Adrian Peterson;RB1;2015
2;Le’Veon Bell;RB2;2015
3;Eddie Lacy;RB3;2015
4;Jamaal Charles;RB4;2015
5;Marshawn Lynch;RB5;2015
6;Antonio Brown;WR1;2015
7;Dez Bryant;WR2;2015
8;Andrew Luck;QB1;2015
9;Matt Forte;RB6;2015
10;C.J. Anderson;RB7;2015
11;DeMarco Murray;RB8;2015
12;Rob Gronkowski;TE1;2015
13;Aaron Rodgers;QB2;2015
14;Demaryius Thomas;WR3;2015
15;Jeremy Hill;RB9;2015
16;Julio Jones;WR4;2015
17;Odell Beckham Jr.;WR5;2015
18;Calvin Johnson;WR6;2015
19;LeSean McCoy;RB10;2015
20;Randall Cobb;WR7;2015
21;A.J. Green;WR8;2015
22;T.Y. Hilton;WR9;2015
23;Justin Forsett;RB11;2015
24;Alshon Jeffery;WR10;2015
25;Jimmy Graham;TE2;2015
26;Lamar Miller;RB12;2015
27;Mike Evans;WR11;2015
28;Mark Ingram;RB13;2015
29;Peyton Manning;QB3;2015
30;Brandin Cooks;WR12;2015
31;Frank Gore;RB14;2015
32;Emmanuel Sanders;WR13;2015
33;DeAndre Hopkins;WR14;2015
34;Russell Wilson;QB4;2015
35;Drew Brees;QB5;2015
36;Alfred Morris;RB15;2015
37;Jordan Matthews;TE3;2015
38;Melvin Gordon;RB16;2015
39;Latavius Murray;RB17;2015
40;Carlos Hyde;RB18;2015
41;Andre Johnson;WR15;2015
42;Amari Cooper;WR16;2015
43;Greg Olsen;TE4;2015
44;Ben Roethlisberger;QB6;2015
45;Julian Edelman;WR17;2015
46;Andre Ellington;RB19;2015
47;Golden Tate;WR18;2015
48;Jonathan Stewart;RB20;2015
49;Travis Kelce;TE5;2015
50;Keenan Allen;WR19;2015
51;Jeremy Maclin;WR20;2015
52;Joseph Randle;RB21;2015
53;DeSean Jackson;WR21;2015
54;Matt Ryan;QB7;2015
55;Arian Foster;RB22;2015
56;Tony Romo;QB8;2015
57;Sammy Watkins;WR22;2015
58;Tom Brady;QB9;2015
59;Brandon Marshall;WR23;2015
60;Jarvis Landry;WR24;2015
61;Martellus Bennett;TE6;2015
62;Davante Adams;WR25;2015
63;T.J. Yeldon;RB23;2015
65;Todd Gurley;RB24;2015
66;Vincent Jackson;WR26;2015
67;Chris Ivory;RB25;2015
68;Ameer Abdullah;RB26;2015
69;LeGarrette Blount;RB27;2015
70;Rashad Jennings;RB28;2015
71;Joique Bell;RB29;2015
72;Doug Martin;RB30;2015
73;Matthew Stafford;QB10;2015
74;Jason Witten;TE7;2015
75;Martavis Bryant;WR27;2015
76;C.J. Spiller;RB31;2015
78;Giovani Bernard;RB32;2015
79;Allen Robinson II;WR28;2015
81;Mike Wallace;WR29;2015
82;Nelson Agholor;WR30;2015
83;Eli Manning;QB11;2015
84;Cam Newton;QB12;2015
85;Steve Smith;WR31;2015
86;Jordan Cameron;TE8;2015
87;Ryan Tannehill;QB13;2015
89;Charles Johnson;WR32;2015
90;Tevin Coleman;RB33;2015
91;Isaiah Crowell;RB34;2015
92;Larry Fitzgerald;WR33;2015
93;Roddy White;WR34;2015
95;Philip Rivers;QB14;2015
96;John Brown;WR35;2015
97;Alfred Blue;RB35;2015
98;Victor Cruz;WR36;2015
99;Ryan Mathews;RB36;2015
100;Sam Bradford;QB15;2015
101;Eric Decker;WR37;2015
102;Tre Mason;RB37;2015
103;Torrey Smith;WR38;2015
104;Anquan Boldin;WR39;2015
105;Delanie Walker;TE9;2015
107;Julius Thomas;TE10;2015
108;Darren McFadden;RB38;2015
109;Shane Vereen;RB39;2015
110;Devonta Freeman;RB40;2015
112;Zach Ertz;TE11;2015
114;Marques Colston;WR40;2015
115;Michael Floyd;WR41;2015
116;Devin Funchess;WR42;2015
117;Teddy Bridgewater;QB16;2015
118;Pierre Garcon;WR43;2015
119;Owen Daniels;TE12;2015
120;Kendall Wright;WR44;2015
121;Bishop Sankey;RB41;2015
122;Dwayne Allen;TE13;2015
124;Antonio Gates;TE14;2015
126;Darren Sproles;RB42;2015
129;DeAngelo Williams;RB43;2015
130;Terrance Williams;WR45;2015
131;Colin Kaepernick;QB17;2015
134;Reggie Bush;RB44;2015
136;Duke Johnson Jr.;RB45;2015
137;Tyler Eifert;TE15;2015
138;Joe Flacco;QB18;2015
139;Brandon LaFell;WR46;2015
141;DeVante Parker;WR47;2015
142;Carson Palmer;QB19;2015
143;Charles Sims;RB46;2015
145;Jordy Nelson;WR48;2015
146;Eddie Royal;WR49;2015
147;Kyle Rudolph;TE16;2015
148;Danny Woodhead;RB47;2015
149;Coby Fleener;TE17;2015
150;Vernon Davis;TE18;2015
151;Jay Cutler;QB20;2015
153;Percy Harvin;WR50;2015
154;Andre Williams;RB48;2015
155;David Johnson;RB49;2015
156;Michael Crabtree;WR51;2015
157;Breshad Perriman;WR52;2015
158;Marcus Mariota;QB21;2015
160;Knile Davis;RB50;2015
161;Ronnie Hillman;RB51;2015
163;Cody Latimer;WR53;2015
164;Alex Smith;QB22;2015
166;Heath Miller;TE19;2015
167;Jameis Winston;QB23;2015
168;Doug Baldwin;WR54;2015
170;David Cobb;RB52;2015
171;Steve Johnson;WR55;2015
173;Derek Carr;QB24;2015
175;Dorial Green-Beckham;WR56;2015
177;Tyler Lockett;WR57;2015
178;Richard Rodgers;TE20;2015
179;Brian Quick;WR58;2015
180;Kelvin Benjamin;WR59;2015
181;Markus Wheaton;WR60;2015
183;Jonas Gray;RB53;2015
184;Nick Foles;QB25;2015
185;Matt Jones;RB54;2015
186;Charles Clay;TE21;2015
187;Kenny Stills;WR61;2015
188;Montee Ball;RB55;2015
190;Andy Dalton;QB26;2015
191;Kevin White;WR62;2015
192;Brandon Coleman;WR63;2015
193;Josh Hill;TE22;2015
194;Fred Jackson;RB56;2015
195;Marvin Jones Jr.;WR64;2015
196;Rueben Randle;WR65;2015
197;Terrance West;RB57;2015
199;Donte Moncrief;WR66;2015
201;Denard Robinson;RB58;2015
202;Malcom Floyd;WR67;2015
204;Larry Donnell;TE23;2015
205;James Jones;WR68;2015
208;Ty Montgomery;RB59;2015
209;Phillip Dorsett II;WR69;2015
214;Christine Michael;RB60;2015
215;Eric Ebron;TE24;2015
216;Austin Seferian-Jenkins;TE25;2015
217;Jared Cook;TE26;2015
218;Tyrod Taylor;QB27;2015
219;Reggie Wayne;WR70;2015
222;Roy Helu;RB61;2015
223;Blake Bortles;QB28;2015
224;Jordan Reed;TE27;2015
225;James Starks;RB62;2015
226;Mohamed Sanu Sr.;WR71;2015
227;Khiry Robinson;RB63;2015
228;Kirk Cousins;QB29;2015
229;Jerick McKinnon;RB64;2015
230;Cameron Artis-Payne;RB65;2015
232;Ahmad Bradshaw;RB66;2015
233;Wes Welker;WR72;2015
234;Dwayne Bowe;WR73;2015
236;Cordarrelle Patterson;RB67;2015
237;Jeff Janis;WR74;2015
238;Cecil Shorts;WR75;2015
239;Stevan Ridley;RB68;2015
241;Jaelen Strong;WR76;2015
243;Ladarius Green;TE28;2015
244;Robert Griffin;QB30;2015
245;Allen Hurns;WR77;2015
246;Bobby Rainey;RB69;2015
248;Virgil Green;TE29;2015
250;Brandon Bolden;RB70;2015
252;Jay Ajayi;RB71;2015
253;Branden Oliver;RB72;2015
254;Lorenzo Taliaferro;RB73;2015
257;Kenny Britt;WR78;2015
259;Theo Riddick;RB74;2015
260;Stedman Bailey;WR79;2015
261;Tavon Austin;WR80;2015
262;Dan Herron;RB75;2015
263;Leonard Hankerson;WR81;2015
264;Cole Beasley;WR82;2015
265;Danny Amendola;WR83;2015
266;Andrew Hawkins;WR84;2015
267;Greg Jennings;WR85;2015
268;Sammie Coates;WR86;2015
270;Ryan Mallett;QB31;2015
272;Ryan Fitzpatrick;QB32;2015
274;Aaron Dobson;WR87;2015
276;Ray Rice;RB76;2015
277;Chris Polk;RB77;2015
278;Chris Johnson;RB78;2015
279;Mychal Rivera;TE30;2015
280;Trent Richardson;RB79;2015
281;Taylor Gabriel;WR88;2015
282;Lance Dunbar;RB80;2015
285;James White;RB81;2015
287;Damien Williams;RB82;2015
289;Brian Hoyer;QB33;2015
290;Jeremy Langford;RB83;2015
291;Josh McCown;QB34;2015
293;Riley Cooper;WR89;2015
294;Justin Hardy;WR90;2015
295;Javorius Allen;RB84;2015
296;Mark Sanchez;QB35;2015
297;Maxx Williams;TE31;2015
298;Fozzy Whittaker;RB85;2015
299;Johnny Manziel;QB36;2015
300;Jacquizz Rodgers;RB86;2015
301;Brandon Weeden;QB37;2015
302;Zac Stacy;RB87;2015
303;Jermaine Kearse;WR91;2015
304;Marqise;WR92;2015
305;Brock Osweiler;QB38;2015
306;Scott Chandler;TE32;2015
307;Josh Robinson;RB88;2015
308;Robert Turbin;RB89;2015
309;Benjamin Watson;TE33;2015
310;Dri Archer;RB90;2015
311;Devin Smith;WR93;2015
313;Kamar Aiken;WR94;2015
314;Andrew Quarless;TE34;2015
315;Geno Smith;QB39;2015
316;Jamison Crowder;WR95;2015
317;Jimmy Garoppolo;QB40;2015
319;Nick Toon;WR97;2015
320;Marlon Brown;WR98;2015
321;Harry Douglas;WR99;2015
322;Chris Conley;WR100;2015
323;Benny Cunningham Jr.;RB91;2015
324;Brian Hartline;WR101;2015
325;Josh Gordon;WR102;2015
326;Robert Woods;WR103;2015
327;Jimmy Clausen;QB41;2015
328;Justin Hunter;WR104;2015
330;Garrett Graham;TE35;2015
331;E.J. Manuel;QB42;2015
332;Clive Walford;TE36;2015
333;Tim Tebow;TE37;2015
334;Matt Cassel;QB43;2015
335;Jarius Wright;WR105;2015
336;Hakeem Nicks;WR106;2015
337;Gavin Escobar;TE38;2015
338;Jacob Tamme;TE39;2015
339;Jace Amaro;TE40;2015
340;Marquess Wilson;WR107;2015
343;James Casey;TE41;2015
344;Corey Brown;WR108;2015
345;Nate Washington;WR109;2015
346;Lance Kendricks;TE42;2015
347;Toby Gerhart;RB93;2015
349;Bilal Powell;RB94;2015
350;Mike Tolbert;RB95;2015
351;Dion Sims;TE43;2015
352;Dexter McCluster;RB96;2015
353;Brent Celek;TE44;2015
354;Marcedes Lewis;TE45;2015
355;Matt Asiata;RB97;2015
356;Crockett Gillmore;TE46;2015
358;Blaine Gabbert;QB44;2015
359;Devin Hester;WR110;2015
360;Jerricho Cotchery;WR111;2015
362;Drew Stanton;QB45;2015
363;AJ McCarron;QB46;2015
365;Tyler Clutts;RB98;2015
366;Chris Hogan;WR112;2015
367;Derek Anderson;QB47;2015
368;Shaun Hill;QB48;2015
369;Rashad Ross;WR113;2015
371;Ricardo Lockette;WR114;2015
372;Jarryd Hayne;RB99;2015
373;Travaris Cadet;RB100;2015
374;Jeff Cumberland;TE47;2015
376;Andre Caldwell;WR115;2015
377;Jonathan Grimes;RB101;2015
378;Juwan Thompson;RB102;2015
379;Dion Lewis;RB103;2015
380;J.J. Nelson;WR116;2015
381;Zach Zenner;RB104;2015
382;Joseph Fauria;TE48;2015
384;Bryce Brown;RB105;2015
385;Ryan Williams;RB106;2015
386;Tim Wright;TE49;2015
388;Matt Hasselbeck;QB49;2015
389;Ted Ginn Jr.;WR117;2015
390;Ryan Nassib;QB50;2015
391;Luke McCown;QB51;2015
392;Matt McGloin;QB52;2015
393;Andre Roberts;WR118;2015
394;Kellen Clemens;QB53;2015
395;Colt McCoy;QB54;2015
396;Vince Young;QB55;2015
397;Sean Renfree;QB56;2015
398;Kendall Hunter;RB107;2015
399;Matt Schaub;QB57;2015
400;Matt Moore;QB58;2015
401;Steven Jackson;RB108;2015
402;Michael Vick;QB59;2015
403;Josh Huff;WR119;2015
404;Deonte Thompson;WR120;2015
405;Tarvaris Jackson;QB60;2015
406;Scott Tolzien;QB61;2015
407;Miles Austin;WR121;2015
408;Mike Glennon;QB62;2015
410;T.J. Yates;QB63;2015
411;Gary Barnidge;TE50;2015
412;Michael Dyer;RB109;2015
413;Rob Housler;TE51;2015
415;Will Johnson;RB110;2015
416;Antonio Andrews;RB111;2015
417;Shonn Greene;RB112;2015
418;Tyler Kroft;TE52;2015
419;Brandon Pettigrew;TE53;2015
421;Landry Jones;QB64;2015
422;Lance Moore;WR122;2015
423;Greg Salas;WR123;2015
424;Corey Fuller;WR124;2015
425;Dan Gronkowski;TE54;2015
426;Dan Orlovsky;QB65;2015
1;Antonio Brown;WR1;2016
2;Odell Beckham Jr.;WR2;2016
3;Todd Gurley;RB1;2016
4;Julio Jones;WR3;2016
5;David Johnson;RB2;2016
6;Adrian Peterson;RB3;2016
7;Ezekiel Elliott;RB4;2016
8;DeAndre Hopkins;WR4;2016
9;Rob Gronkowski;TE1;2016
10;A.J. Green;WR5;2016
11;Le’Veon Bell;RB5;2016
12;Lamar Miller;RB6;2016
13;Devonta Freeman;RB7;2016
14;Dez Bryant;WR6;2016
15;Allen Robinson II;WR7;2016
16;Jordy Nelson;WR8;2016
17;Cam Newton;QB1;2016
18;Brandon Marshall;WR9;2016
19;Mike Evans;WR10;2016
20;Eddie Lacy;RB8;2016
21;Mark Ingram;RB9;2016
22;Jamaal Charles;RB10;2016
23;LeSean McCoy;RB11;2016
24;Doug Martin;RB12;2016
25;Aaron Rodgers;QB2;2016
26;Keenan Allen;WR11;2016
27;Amari Cooper;WR12;2016
28;Alshon Jeffery;WR13;2016
29;Brandin Cooks;WR14;2016
30;Sammy Watkins;WR15;2016
31;C.J. Anderson;RB13;2016
32;Demaryius Thomas;WR16;2016
33;T.Y. Hilton;WR17;2016
34;Russell Wilson;QB3;2016
35;Carlos Hyde;RB14;2016
36;Thomas Rawls;RB15;2016
37;Jordan Reed;TE2;2016
38;Matt Forte;RB16;2016
39;Latavius Murray;RB17;2016
40;Jarvis Landry;WR18;2016
41;Randall Cobb;WR19;2016
42;Greg Olsen;TE3;2016
43;Andrew Luck;QB4;2016
44;DeMarco Murray;RB18;2016
45;Julian Edelman;WR20;2016
46;Doug Baldwin;WR21;2016
47;Drew Brees;QB5;2016
48;Jonathan Stewart;RB19;2016
49;Eric Decker;WR22;2016
50;Kelvin Benjamin;WR23;2016
51;Jeremy Hill;RB20;2016
52;Jeremy Maclin;WR24;2016
53;Ben Roethlisberger;QB6;2016
54;Golden Tate;WR25;2016
55;Donte Moncrief;WR26;2016
56;Travis Kelce;TE4;2016
57;Ryan Mathews;RB21;2016
58;Michael Floyd;WR27;2016
59;Delanie Walker;TE5;2016
60;Melvin Gordon;RB22;2016
61;Jeremy Langford;RB23;2016
62;Carson Palmer;QB7;2016
63;Tom Brady;QB8;2016
64;Larry Fitzgerald;WR28;2016
65;Emmanuel Sanders;WR29;2016
66;Matt Jones;RB24;2016
67;Arian Foster;RB25;2016
68;Frank Gore;RB26;2016
69;Eli Manning;QB9;2016
70;Coby Fleener;TE6;2016
71;John Brown;WR30;2016
72;Jordan Matthews;TE7;2016
73;Giovani Bernard;RB27;2016
74;Allen Hurns;WR31;2016
75;DeSean Jackson;WR32;2016
76;Gary Barnidge;TE8;2016
77;Blake Bortles;QB10;2016
78;Ameer Abdullah;RB28;2016
79;Danny Woodhead;RB29;2016
81;Michael Crabtree;WR33;2016
82;Duke Johnson Jr.;RB30;2016
83;Philip Rivers;QB11;2016
84;Chris Ivory;RB31;2016
85;Tyler Lockett;WR34;2016
86;Rashad Jennings;RB32;2016
87;DeAngelo Williams;RB33;2016
89;Marvin Jones Jr.;WR35;2016
90;Tyler Eifert ;TE9;2016
91;Josh Gordon ;WR36;2016
92;Antonio Gates;TE10;2016
93;Zach Ertz;TE11;2016
95;Derrick Henry;RB34;2016
97;Derek Carr;QB12;2016
98;Sterling Shepard;WR37;2016
100;Julius Thomas;TE12;2016
101;DeVante Parker;WR38;2016
102;LeGarrette Blount;RB35;2016
103;T.J. Yeldon;RB36;2016
104;Jay Ajayi;RB37;2016
105;Stefon Diggs;WR39;2016
106;Kevin White;WR40;2016
107;Jimmy Graham;TE13;2016
108;Kirk Cousins;QB13;2016
109;Willie Snead;WR41;2016
111;Jameis Winston;QB14;2016
112;Tavon Austin;WR42;2016
113;Isaiah Crowell;RB38;2016
114;Tyrod Taylor;QB15;2016
117;Corey Coleman;WR43;2016
118;Charles Sims;RB39;2016
119;Torrey Smith;WR44;2016
120;Martellus Bennett;TE14;2016
121;Andy Dalton;QB16;2016
122;Matthew Stafford;QB17;2016
123;Justin Forsett;RB40;2016
124;Marcus Mariota;QB18;2016
125;Dion Lewis;RB41;2016
126;Matt Ryan;QB19;2016
127;Spencer Ware;RB42;2016
128;Jason Witten;TE15;2016
129;Bilal Powell;RB43;2016
130;Theo Riddick;RB44;2016
131;Vincent Jackson;WR45;2016
132;Travis Benjamin;WR46;2016
133;Markus Wheaton;WR47;2016
138;Tevin Coleman;RB45;2016
139;Dak Prescott;QB20;2016
140;Christine Michael;RB46;2016
142;Kamar Aiken;WR48;2016
143;Devin Funchess;WR49;2016
144;Terrance West;RB47;2016
146;Michael Thomas;WR50;2016
147;Dwayne Allen;TE16;2016
150;Tony Romo;QB21;2016
151;James White;RB48;2016
152;Ted Ginn Jr.;WR51;2016
153;Darren Sproles;RB49;2016
154;Alfred Morris;RB50;2016
155;William Fuller;WR52;2016
156;Jared Cook;TE17;2016
157;Steve Smith;WR53;2016
159;Devontae Booker;RB51;2016
160;James Starks;RB52;2016
161;Brock Osweiler;QB22;2016
162;Zach Miller;TE18;2016
163;Victor Cruz;WR54;2016
164;Tajae Sharpe;WR55;2016
165;Ryan Tannehill;QB23;2016
166;Mike Wallace;WR56;2016
167;Mohamed Sanu Sr.;WR57;2016
173;Robert Griffin;QB24;2016
174;Ladarius Green;TE19;2016
175;Jerick McKinnon;RB53;2016
177;Ryan Fitzpatrick;QB25;2016
178;Alex Smith;QB26;2016
179;Tyler Boyd;WR58;2016
180;DeAndre Washington;RB54;2016
181;Pierre Garcon;WR59;2016
182;Eric Ebron;TE20;2016
183;Terrelle Pryor Sr.;WR60;2016
184;Kyle Rudolph;TE21;2016
187;C.J. Prosise;RB55;2016
188;Kenneth Dixon;RB56;2016
189;Chris Johnson;RB57;2016
191;Davante Adams;WR61;2016
193;Marshawn Lynch;RB58;2016
194;Darren McFadden;RB59;2016
195;Jordan Howard;RB60;2016
196;Laquon Treadwell;WR62;2016
197;Jay Cutler;QB27;2016
198;Chris Hogan;WR63;2016
199;Dorial Green-Beckham;WR64;2016
200;Paul Perkins;RB61;2016
201;Josh Doctson;WR65;2016
204;Joe Flacco;QB28;2016
205;Austin Seferian-Jenkins;TE22;2016
206;Karlos Williams;RB62;2016
207;Phillip Dorsett II;WR66;2016
208;Rishard Matthews;WR67;2016
209;Richard Rodgers;TE23;2016
211;Charcandrick West;RB63;2016
212;Kenny Stills;WR68;2016
213;Anquan Boldin;WR69;2016
214;Clive Walford;TE24;2016
215;Virgil Green;TE25;2016
216;Javorius Allen;RB64;2016
217;Danny Amendola;WR70;2016
218;Shane Vereen;RB65;2016
220;Charles Clay;TE26;2016
222;Terrance Williams;WR71;2016
224;Tim Hightower;RB66;2016
225;Sam Bradford;QB29;2016
227;Sammie Coates;WR72;2016
228;Teddy Bridgewater;QB30;2016
229;Robert Kelley;RB67;2016
231;Jared Goff;QB31;2016
232;Martavis Bryant;WR73;2016
233;Benjamin Watson;TE27;2016
238;Jermaine Kearse;WR74;2016
239;Jordan Cameron;TE28;2016
240;Hunter Henry;TE29;2016
244;Breshad Perriman;WR75;2016
245;Kenny Britt;WR76;2016
248;Mike Gillislee;RB68;2016
249;Ronnie Hillman;RB69;2016
250;Leonard Fournette;RB70;2016
251;Nelson Agholor;WR77;2016
252;James Jones;WR78;2016
253;Chris Thompson;RB71;2016
255;Christian McCaffrey;RB72;2016
256;Joe Mixon;RB73;2016
257;Jamison Crowder;WR79;2016
258;Ty Montgomery;RB74;2016
259;Andre Ellington;RB75;2016
260;Cameron Artis-Payne;RB76;2016
262;C.J. Spiller;RB77;2016
264;Carson Wentz;QB32;2016
265;Jesse James;TE30;2016
266;Cole Beasley;WR80;2016
267;Dalvin Cook;RB78;2016
268;Tyreek Hill;WR81;2016
269;Corey Davis;WR82;2016
270;Jacob Tamme;TE31;2016
273;Jimmy Garoppolo;QB33;2016
274;Samaje Perine;RB79;2016
275;Cameron Brate;TE32;2016
277;Robert Woods;WR83;2016
279;Braxton Miller;WR84;2016
280;Jonathan Williams;RB80;2016
281;Cameron Meredith;WR85;2016
282;Brandon LaFell;WR86;2016
283;J.J. Nelson;WR87;2016
284;Eli Rogers;WR88;2016
286;Kareem Hunt;RB81;2016
287;Marqise;WR89;2016
288;Mike Williams;WR90;2016
289;Wendell Smallwood;RB82;2016
290;Adam Thielen;WR91;2016
291;Colin Kaepernick;QB34;2016
292;Kendall Wright;WR92;2016
293;Tyrell Williams;WR93;2016
294;Malcolm Mitchell;WR94;2016
295;Jamaal Williams;RB83;2016
296;Kenyan Drake;RB84;2016
297;Jack Doyle;TE33;2016
298;Rex Burkhead;RB85;2016
299;Vance McDonald;TE34;2016
300;Joe Williams;RB86;2016
302;Paxton Lynch;QB35;2016
303;Jace Amaro;TE35;2016
304;Zay Jones;WR95;2016
305;O.J. Howard;TE36;2016
306;John Ross;WR96;2016
308;Marlon Mack;RB87;2016
309;Zach Zenner;RB88;2016
310;C.J. Fiedorowicz;TE37;2016
311;Alvin Kamara;RB89;2016
312;Jalen Richard;RB90;2016
314;Josh Ferguson;RB91;2016
315;Jeremy McNichols;RB92;2016
316;Aaron Jones Sr.;RB93;2016
317;Luke Willson;TE38;2016
318;Benny Cunningham Jr.;RB94;2016
319;Trevor Siemian;QB36;2016
320;Quincy Enunwa;WR97;2016
321;D'Onta Foreman;RB95;2016
322;Donnel Pumphrey;RB96;2016
324;Jacquizz Rodgers;RB97;2016
325;Jeff Janis;WR98;2016
326;Jerell Adams;TE39;2016
327;David Njoku;TE40;2016
329;Austin Hooper;TE41;2016
330;Robbie Chosen;WR99;2016
331;Will;TE42;2016
332;Taylor Gabriel;WR100;2016
333;Alfred Blue;RB98;2016
334;Steve Johnson;WR101;2016
337;Deshaun Watson;QB37;2016
338;Kenjon Barner;RB99;2016
339;Wayne Gallman Jr.;RB100;2016
340;Quinton Patton;WR102;2016
341;Robert Turbin;RB101;2016
342;Jaelen Strong;WR103;2016
344;Tyler Gaffney;RB102;2016
345;Rueben Randle;WR104;2016
346;Pharoh Cooper;WR105;2016
347;Cooper Kupp;WR106;2016
348;Ka’Deem Carey;RB103;2016
349;Curtis Samuel;WR107;2016
350;Vernon Davis;TE43;2016
351;Mark Sanchez;QB38;2016
352;Keith Marshall;RB104;2016
353;Tyler Higbee;TE44;2016
354;Evan Engram;TE45;2016
355;Tyler Ervin;RB105;2016
357;James Conner;RB106;2016
358;Shaun Draughn;RB107;2016
359;Jared Abbrederis;WR108;2016
360;Josh Reynolds;WR109;2016
361;Andre Johnson;WR110;2016
362;Darrius Heyward-Bey;WR111;2016
363;Kyle Juszczyk;RB108;2016
364;JuJu Smith-Schuster;WR112;2016
365;Tre Mason;RB109;2016
366;Mike Tolbert;RB110;2016
367;Reggie Bush;RB111;2016
368;Mike Glennon;QB39;2016
369;Dontrelle Inman;WR113;2016
370;Dennis Pitta;TE46;2016
371;Brandon Bolden;RB112;2016
372;Paul Richardson Jr.;WR114;2016
373;Lance Dunbar;RB113;2016
376;Jeremy Kerley;WR115;2016
377;Khiry Robinson;RB114;2016
378;Blaine Gabbert;QB40;2016
379;Nate Washington;WR116;2016
380;Tarik Cohen;RB115;2016
381;Brandon Coleman;WR117;2016
382;Stevan Ridley;RB116;2016
383;Antonio Andrews;RB117;2016
384;Lance Kendricks;TE47;2016
385;T.J. Logan;RB118;2016
386;Seth Roberts;WR118;2016
387;Michael Vick;QB41;2016
388;Larry Donnell;TE48;2016
389;Dwayne Harris;WR119;2016
390;ArDarius Stewart;WR120;2016
391;Cordarrelle Patterson;RB119;2016
392;Dexter McCluster;RB120;2016
393;Taywan Taylor;WR121;2016
395;Jon Baldwin;WR122;2016
396;Brent Celek;TE49;2016
397;Roddy White;WR123;2016
398;Justin Hardy;WR124;2016
399;Corey Grant;RB121;2016
401;Brian Hoyer;QB42;2016
402;De’Anthony Thomas;;2016
403;D.J. Foster;RB122;2016
405;Matt Jones;WR126;2016
406;Damien Williams;RB123;2016
407;Reggie Diggs;WR127;2016
408;Mitchell Trubisky;QB43;2016
409;Eddie Royal;WR128;2016
410;Cody Kessler;QB44;2016
411;Chris Conley;WR129;2016
412;Rashad Greene;WR130;2016
413;Bruce Ellington;WR131;2016
414;Devin Hester;WR132;2016
415;Case Keenum;QB45;2016
416;Nelson Spruce;WR133;2016
417;Jakeem Grant Sr.;WR134;2016
418;Josh McCown;QB46;2016
419;Aaron Burbridge;WR135;2016
420;Darius Jackson;RB124;2016
421;Leonte Carroo;WR136;2016
422;Brett Hundley;QB47;2016
423;Trevone Boykin;QB48;2016
424;Cardale Jones;QB49;2016
425;Dan Orlovsky;QB50;2016
426;Anthony Fasano;TE50;2016
428;Jeff Heuerman;TE51;2016
429;DeAndre Smelter;WR137;2016
430;Malcolm Brown;RB125;2016
431;Fozzy Whittaker;RB126;2016
432;Brice Butler;WR138;2016
433;Derek Anderson;QB51;2016
434;Ryan Nassib;QB52;2016
435;AJ McCarron;QB53;2016
436;Corey Brown;WR139;2016
437;Trent Richardson;RB127;2016
438;Matt McGloin;QB54;2016
439;Matt Schaub;QB55;2016
440;Andre Williams;RB128;2016
441;Marcel Reece;RB129;2016
442;Geno Smith;QB56;2016
443;Chad Henne;QB57;2016
444;Crockett Gillmore;TE52;2016
445;Colt McCoy;QB58;2016
446;Luke McCown;QB59;2016
447;Matt Cassel;QB60;2016
448;Albert Wilson;WR140;2016
449;Scott Tolzien;QB61;2016
450;Landry Jones;QB62;2016
451;Kellen Clemens;QB63;2016
452;Drew Stanton;QB64;2016
453;David Carr;QB65;2016
454;Tom Savage;QB66;2016
455;Chad Pennington;QB67;2016
456;Dion Sims;TE53;2016
458;Darren Fells;TE54;2016
459;JaMarcus Russell;QB68;2016
460;Garrett Celek;TE55;2016
461;Ryan Griffin;TE56;2016
462;MyCole Pruitt;TE57;2016
463;Johnny Manziel;QB69;2016
464;Chase Daniel;QB70;2016
465;Mychal Rivera;TE58;2016
466;A.J. Derby;TE59;2016
467;Jermaine Gresham;TE60;2016
468;Marcedes Lewis;TE61;2016
469;Blake Bell;TE62;2016
470;Charlie Batch;QB71;2016
472;Maxx Williams;TE63;2016
473;Josh Hill;TE64;2016
474;Ed Dickson;TE65;2016
1;David Johnson;RB1;2017
2;Le’Veon Bell;RB2;2017
3;Antonio Brown;WR1;2017
4;Julio Jones;WR2;2017
5;LeSean McCoy;RB3;2017
6;Odell Beckham Jr.;WR3;2017
7;Devonta Freeman;RB4;2017
8;Melvin Gordon;RB5;2017
9;Mike Evans;WR4;2017
10;A.J. Green;WR5;2017
11;DeMarco Murray;RB6;2017
12;Jordy Nelson;WR6;2017
13;Jay Ajayi;RB7;2017
14;Ezekiel Elliott;RB8;2017
15;Jordan Howard;RB9;2017
16;Aaron Rodgers;QB1;2017
17;Michael Thomas;WR7;2017
18;Todd Gurley;RB10;2017
19;Dez Bryant;WR8;2017
20;Rob Gronkowski;TE1;2017
21;Tom Brady;QB2;2017
22;Brandin Cooks;WR9;2017
23;Amari Cooper;WR10;2017
24;Leonard Fournette;RB11;2017
25;Doug Baldwin;WR11;2017
26;Marshawn Lynch;RB12;2017
27;Christian McCaffrey;RB13;2017
28;T.Y. Hilton;WR12;2017
29;Lamar Miller;RB14;2017
30;Isaiah Crowell;RB15;2017
31;Drew Brees;QB3;2017
32;DeAndre Hopkins;WR13;2017
33;Dalvin Cook;RB16;2017
34;Terrelle Pryor Sr.;WR14;2017
35;Carlos Hyde;RB17;2017
36;Travis Kelce;TE2;2017
37;Demaryius Thomas;WR15;2017
38;Alshon Jeffery;WR16;2017
39;Joe Mixon;RB18;2017
40;Matt Ryan;QB4;2017
41;Keenan Allen;WR17;2017
42;Ty Montgomery;RB19;2017
43;Davante Adams;WR18;2017
44;Kareem Hunt;RB20;2017
45;Michael Crabtree;WR19;2017
46;C.J. Anderson;RB21;2017
47;Greg Olsen;TE3;2017
48;Allen Robinson II;WR20;2017
49;Tyreek Hill;WR21;2017
50;Mark Ingram;RB22;2017
51;Jordan Reed;TE4;2017
52;Kelvin Benjamin;WR22;2017
53;Jimmy Graham;TE5;2017
54;Russell Wilson;QB5;2017
55;Jarvis Landry;WR23;2017
56;Martavis Bryant;WR24;2017
57;Golden Tate;WR25;2017
58;Larry Fitzgerald;WR26;2017
59;Bilal Powell;RB23;2017
60;Sammy Watkins;WR27;2017
61;Ameer Abdullah;RB24;2017
62;Mike Gillislee;RB25;2017
63;Tevin Coleman;RB26;2017
64;Emmanuel Sanders;WR28;2017
65;Stefon Diggs;WR29;2017
66;Doug Martin;RB27;2017
67;Marcus Mariota;QB6;2017
68;Tyler Eifert;TE6;2017
69;Cam Newton;QB7;2017
70;Adrian Peterson;RB28;2017
71;Jameis Winston;QB8;2017
72;Jamison Crowder;WR30;2017
73;Frank Gore;RB29;2017
74;Brandon Marshall;WR31;2017
75;Derek Carr;QB9;2017
76;Kyle Rudolph;TE7;2017
77;Kirk Cousins;QB10;2017
78;Delanie Walker;TE8;2017
79;Robert Kelley;RB30;2017
80;DeVante Parker;WR32;2017
81;LeGarrette Blount;RB31;2017
82;Martellus Bennett;TE9;2017
83;Paul Perkins;RB32;2017
84;Andrew Luck;QB11;2017
85;Derrick Henry;RB33;2017
86;Danny Woodhead;RB34;2017
87;Willie Snead;WR33;2017
88;Pierre Garcon;WR34;2017
89;Zach Ertz;TE10;2017
90;Eddie Lacy;RB35;2017
91;DeSean Jackson;WR35;2017
92;Dak Prescott;QB12;2017
93;Randall Cobb;WR36;2017
94;Ben Roethlisberger;QB13;2017
95;Eric Decker;WR37;2017
96;Terrance West;RB36;2017
97;Donte Moncrief;WR38;2017
98;Jeremy Maclin;WR39;2017
99;Jonathan Stewart;RB37;2017
101;Thomas Rawls;RB38;2017
102;Darren McFadden;RB39;2017
103;Theo Riddick;RB40;2017
104;Matthew Stafford;QB14;2017
106;Hunter Henry;TE11;2017
107;Tyrell Williams;WR40;2017
109;Chris Hogan;WR41;2017
110;Philip Rivers;QB15;2017
111;Corey Coleman;WR42;2017
112;Corey Davis;WR43;2017
113;Matt Forte;RB41;2017
114;Samaje Perine;RB42;2017
115;Duke Johnson Jr.;RB43;2017
116;John Brown;WR44;2017
117;Adam Thielen;WR45;2017
118;Kenny Britt;WR46;2017
119;James White;RB44;2017
120;Marvin Jones Jr.;WR47;2017
121;Mike Wallace;WR48;2017
122;Jack Doyle;TE12;2017
125;Eric Ebron;TE13;2017
126;Rishard Matthews;WR49;2017
127;Jacquizz Rodgers;RB45;2017
129;Jeremy Hill;RB46;2017
131;Jamaal Williams;RB47;2017
132;Eli Manning;QB16;2017
133;Jamaal Charles;RB48;2017
134;Latavius Murray;RB49;2017
135;Ted Ginn Jr.;WR50;2017
137;Darren Sproles;RB50;2017
139;C.J. Prosise;RB51;2017
142;Jason Witten;TE14;2017
143;Carson Wentz;QB17;2017
144;Jordan Matthews;TE15;2017
145;Andy Dalton;QB18;2017
147;Sterling Shepard;WR51;2017
148;O.J. Howard;TE16;2017
149;Tyrod Taylor;QB19;2017
150;Carson Palmer;QB20;2017
151;Zay Jones;WR52;2017
152;Cole Beasley;WR53;2017
153;Rex Burkhead;RB52;2017
155;Coby Fleener;TE17;2017
156;Kevin White;WR54;2017
159;Taylor Gabriel;WR55;2017
160;Cooper Kupp;WR56;2017
161;Cameron Brate;TE18;2017
164;Austin Hooper;TE19;2017
166;Tyler Lockett;WR57;2017
168;Mohamed Sanu Sr.;WR58;2017
169;John Ross;WR59;2017
170;Julius Thomas;TE20;2017
171;D'Onta Foreman;RB53;2017
173;Antonio Gates;TE21;2017
174;Kenny Stills;WR60;2017
176;Giovani Bernard;RB54;2017
177;Danny Amendola;WR61;2017
178;Wendell Smallwood;RB55;2017
179;Robbie Chosen;WR62;2017
181;Evan Engram;TE22;2017
182;James Conner;RB56;2017
183;Dion Lewis;RB57;2017
184;Alvin Kamara;RB58;2017
186;Kenny Golladay;WR63;2017
187;Deshaun Watson;QB21;2017
188;DeAndre Washington;RB59;2017
189;Jay Cutler;QB22;2017
190;Marlon Mack;RB60;2017
191;Kendall Wright;WR64;2017
194;Sam Bradford;QB23;2017
196;Josh Doctson;WR65;2017
199;Jared Cook;TE23;2017
202;Spencer Ware;RB61;2017
203;Julian Edelman;WR66;2017
205;Torrey Smith;WR67;2017
206;Benjamin Watson;TE24;2017
207;Chris Carson;RB62;2017
208;J.J. Nelson;WR68;2017
209;Joe Flacco;QB24;2017
210;Jonathan Williams;RB63;2017
211;Cameron Meredith;WR69;2017
212;Charcandrick West;RB64;2017
213;Breshad Perriman;WR70;2017
214;Mike Williams;WR71;2017
215;Alex Smith;QB25;2017
216;Charles Sims;RB65;2017
217;Jesse James;TE25;2017
219;C.J. Fiedorowicz;TE26;2017
221;Shane Vereen;RB66;2017
222;Marqise;WR72;2017
225;Joe Williams;RB67;2017
227;Allen Hurns;WR73;2017
229;Jalen Richard;RB68;2017
230;Vance McDonald;TE27;2017
231;Tavon Austin;WR74;2017
232;Chris Thompson;RB69;2017
234;David Njoku;TE28;2017
235;Devin Funchess;WR75;2017
236;Charles Clay;TE29;2017
238;Blake Bortles;QB26;2017
239;Malcolm Mitchell;WR76;2017
241;Devontae Booker;RB70;2017
242;Tarik Cohen;RB71;2017
243;Alfred Morris;RB72;2017
245;Matt Breida;RB73;2017
246;T.J. Yeldon;RB74;2017
247;Gerald Everett;TE30;2017
249;De’Angelo Henderson Sr;RB75;2017
250;Trevor Siemian;QB27;2017
251;Paul Richardson Jr.;WR77;2017
252;Mitchell Trubisky;QB28;2017
255;ArDarius Stewart;WR78;2017
256;Dwayne Allen;TE31;2017
257;Orleans Darkwa;RB76;2017
259;William Fuller;WR79;2017
260;DeShone Kizer;QB29;2017
261;Brandon LaFell;WR80;2017
262;Curtis Samuel;WR81;2017
263;Branden Oliver;RB77;2017
265;Robert Woods;WR82;2017
266;Zach Zenner;RB78;2017
267;Chris Ivory;RB79;2017
268;Kerwynn Williams;RB80;2017
269;Zach Miller;TE32;2017
270;Kyle Juszczyk;RB81;2017
271;Kenneth Dixon;RB82;2017
272;Kenyan Drake;RB83;2017
273;Robert Turbin;RB84;2017
275;Travis Benjamin;WR83;2017
276;Chris Conley;WR84;2017
277;Tim Hightower;RB85;2017
278;Dede Westbrook;WR85;2017
279;Jaron Brown;WR86;2017
280;Nelson Agholor;WR87;2017
281;Quincy Enunwa;WR88;2017
282;Jared Goff;QB30;2017
283;Austin Seferian-Jenkins;TE33;2017
284;Brian Hoyer;QB31;2017
285;Jermaine Kearse;WR89;2017
286;Brandon Coleman;WR90;2017
287;Terrance Williams;WR91;2017
288;Chris Godwin;WR92;2017
289;Aaron Jones Sr.;RB86;2017
290;Richard Rodgers;TE34;2017
291;Ryan Mathews;RB87;2017
292;C.J. Spiller;RB88;2017
293;Jamize Olawale;RB89;2017
294;Cordarrelle Patterson;RB90;2017
296;JuJu Smith-Schuster;WR93;2017
297;Jerick McKinnon;RB91;2017
298;Josh McCown;QB32;2017
299;Carlos Henderson;WR94;2017
300;Victor Cruz;WR95;2017
302;Donnel Pumphrey;RB92;2017
303;Bruce Ellington;WR96;2017
304;Wayne Gallman Jr.;RB93;2017
305;Patrick Mahomes II;QB33;2017
306;Jimmy Garoppolo;QB34;2017
307;Jermaine Gresham;TE35;2017
313;Chris Johnson;RB94;2017
314;Tyler Higbee;TE36;2017
315;Ryan Tannehill;QB35;2017
316;Laquon Treadwell;WR97;2017
317;Tyler Boyd;WR98;2017
318;Matt Jones;RB95;2017
319;Geronimo Allison;WR99;2017
320;Andre Ellington;RB96;2017
321;Luke Willson;TE37;2017
322;George Kittle;TE38;2017
326;Josh Gordon;WR100;2017
327;Teddy Bridgewater;QB36;2017
328;Markus Wheaton;WR101;2017
329;Braxton Miller;WR102;2017
330;Colin Kaepernick;QB37;2017
333;Jeremy Kerley;WR103;2017
334;Mike Tolbert;RB97;2017
335;Javorius Allen;RB98;2017
336;Ladarius Green;TE39;2017
337;Erik Swoope;TE40;2017
338;Tajae Sharpe;WR104;2017
340;Ryan Switzer;WR105;2017
341;Glenn Gronkowski;RB99;2017
344;Anquan Boldin;WR106;2017
345;Mike Glennon;QB38;2017
346;Michael Floyd;WR107;2017
347;Kamar Aiken;WR108;2017
348;Tom Savage;QB39;2017
349;Dennis Pitta;TE41;2017
350;Daniel Lasco;RB100;2017
351;Phillip Dorsett II;WR109;2017
352;Tim Tebow;TE42;2017
353;Marquise Goodwin;WR110;2017
354;Virgil Green;TE43;2017
355;Brock Osweiler;QB40;2017
356;Eli Rogers;WR111;2017
357;Matt Barkley;QB41;2017
358;Cody Kessler;QB42;2017
359;Peyton Hillis;RB101;2017
360;Kenjon Barner;RB102;2017
361;Damien Williams;RB103;2017
362;Dontrelle Inman;WR112;2017
363;DeAngelo Williams;RB104;2017
364;Christine Michael;RB105;2017
365;James Starks;RB106;2017
366;Vernon Davis;TE44;2017
367;Paxton Lynch;QB43;2017
368;Seth Roberts;WR113;2017
369;Cameron Artis-Payne;RB107;2017
370;Shaun Draughn;RB108;2017
371;Seth DeValve;TE45;2017
372;Adam Humphries;WR114;2017
373;Mack Hollins;WR115;2017
374;Rashad Jennings;RB109;2017
375;Matt Moore;QB44;2017
376;Adam Shaheen;TE46;2017
377;Malcolm Brown;RB110;2017
378;Alfred Blue;RB111;2017
379;Brice Butler;WR116;2017
380;Jaelen Strong;WR117;2017
382;Charone Peake;WR118;2017
384;Fozzy Whittaker;RB112;2017
385;Jerell Adams;TE47;2017
386;Landry Jones;QB45;2017
387;Austin Carr;WR119;2017
388;Maxx Williams;TE48;2017
390;Nick Foles;QB46;2017
391;Jake Butt;TE49;2017
392;T.J. Logan;RB113;2017
393;Chad Hansen;WR120;2017
394;Matt Schaub;QB47;2017
395;Jacob Hollister;TE50;2017
396;Lance Kendricks;TE51;2017
397;Bennie Fowler;WR121;2017
399;Knile Davis;RB114;2017
400;Lance Dunbar;RB115;2017
401;Josh Reynolds;WR122;2017
402;Malcom Floyd;WR123;2017
403;Justin Hardy;WR124;2017
1;Todd Gurley;RB1;2018
2;Le'Veon Bell ;RB2;2018
3;David Johnson;RB3;2018
4;Ezekiel Elliott;RB4;2018
5;Antonio Brown;WR1;2018
6;Saquon Barkley;RB5;2018
7;Alvin Kamara;RB6;2018
8;Leonard Fournette;RB7;2018
9;Kareem Hunt;RB8;2018
10;DeAndre Hopkins;WR2;2018
11;Melvin Gordon;RB9;2018
12;dell Beckham Jr.;WR3;2018
13;Dalvin Cook;RB10;2018
14;Julio Jones;WR4;2018
15;Christian McCaffrey;RB11;2018
16;Michael Thomas;WR5;2018
17;Devonta Freeman;RB12;2018
18;Davante Adams;WR6;2018
19;Keenan Allen;WR7;2018
20;Jordan Howard;RB13;2018
21;Rob Gronkowski;TE1;2018
22;A.J. Green ;WR8;2018
23;Joe Mixon;RB14;2018
24;Aaron Rodgers;QB1;2018
25;Mike Evans;WR9;2018
26;LeSean McCoy;RB15;2018
27;Tyreek Hill;WR10;2018
28;Travis Kelce;TE2;2018
29;Stefon Diggs;WR11;2018
30;T.Y. Hilton;WR12;2018
31;Alex Collins ;RB16;2018
32;Adam Thielen;WR13;2018
33;Kenyan Drake;RB17;2018
34;Amari Cooper;WR14;2018
35;Derrick Henry;RB18;2018
36;Deshaun Watson;QB2;2018
37;Jay Ajayi ;RB19;2018
38;Doug Baldwin;WR15;2018
39;Zach Ertz;TE3;2018
40;Royce Freeman;RB20;2018
41;JuJu Smith-Schuster;WR16;2018
42;Larry Fitzgerald;WR17;2018
43;Jarvis Landry;WR18;2018
44;Tom Brady;QB3;2018
45;Lamar Miller;RB21;2018
46;Brandin Cooks;WR19;2018
47;Demaryius Thomas ;WR20;2018
48;Russell Wilson;QB4;2018
49;Jimmy Graham;TE4;2018
50;Josh Gordon ;WR21;2018
51;Mark Ingram II ;RB22;2018
52;Allen Robinson II;WR22;2018
53;Marvin Jones Jr. ;WR23;2018
54;Golden Tate;WR24;2018
55;Chris Hogan;WR25;2018
56;Cam Newton ;QB5;2018
57;Marshawn Lynch ;RB23;2018
58;Carlos Hyde;RB24;2018
59;Greg lsen;TE5;2018
60;Drew Brees;QB6;2018
61;Dion Lewis;RB25;2018
62;Kerryon Johnson ;RB26;2018
63;Tevin Coleman;RB27;2018
64;Marquise Goodwin;WR26;2018
65;Corey Davis;WR27;2018
66;Evan Engram;TE6;2018
67;Jamaal Williams;RB28;2018
68;Michael Crabtree;WR28;2018
69;Rex Burkhead;RB29;2018
70;Carson Wentz;QB7;2018
71;Julian Edelman ;WR29;2018
72;Sony Michel;RB30;2018
73;Alshon Jeffery;WR30;2018
74;Kyle Rudolph;TE7;2018
75;Emmanuel Sanders ;WR31;2018
76;Delanie Walker ;TE8;2018
77;William Fuller V ;WR32;2018
78;Kirk Cousins;QB8;2018
79;Rashaad Penny;RB31;2018
80;Sammy Watkins;WR33;2018
81;Trey Burton ;TE9;2018
82;Chris Carson;RB32;2018
83;Andrew Luck;QB9;2018
84;Jordy Nelson;WR34;2018
85;Devin Funchess;WR35;2018
86;Robert Woods;WR36;2018
87;Cooper Kupp;WR37;2018
88;Jordan Reed ;TE10;2018
89;Isaiah Crowell ;RB33;2018
90;Tarik Cohen;RB34;2018
91;Matthew Stafford;QB10;2018
92;Chris Thompson;RB35;2018
93;Ben Roethlisberger;QB11;2018
94;Jimmy Garoppolo;QB12;2018
95;Robbie Chosen;WR38;2018
96;Marlon Mack;RB36;2018
97;Peyton Barber;RB37;2018
98;Pierre Garcon ;WR39;2018
99;Ronald Jones;RB38;2018
100;Matt Ryan;QB13;2018
101;Philip Rivers;QB14;2018
102;Adrian Peterson;RB39;2018
103;Nelson Agholor;WR40;2018
104;Randall Cobb;WR41;2018
105;Jamison Crowder;WR42;2018
106;Duke Johnson Jr.;RB40;2018
107;Jared Goff;QB15;2018
108;Sterling Shepard;WR43;2018
109;David Njoku;TE11;2018
110;Patrick Mahomes II;QB16;2018
111;Aaron Jones r.;RB41;2018
112;Nick Chubb;RB42;2018
113;Kelvin Benjamin;WR44;2018
114;C.J. Anderson;RB43;2018
115;Kenny Stills;WR45;2018
116;Jack Doyle ;TE12;2018
117;James White;RB44;2018
118;Calvin Ridley;WR46;2018
119;DeVante Parker;WR47;2018
121;Allen Hurns;WR48;2018
122;Alfred Morris;RB45;2018
123;Mike Williams;WR49;2018
124;Devontae Booker;RB46;2018
125;Matt Breida ;RB47;2018
127;Alex Smith ;QB17;2018
128;DJ Moore;WR50;2018
129;George Kittle;TE13;2018
130;Latavius Murray;RB48;2018
131;Keelan Cole Sr.;WR51;2018
132;Corey Clement;RB49;2018
133;Ty Montgomery;RB50;2018
134;Tyler Eifert ;TE14;2018
135;Derek Carr;QB18;2018
136;Dak Prescott;QB19;2018
137;Marcus Mariota;QB20;2018
139;Bilal Powell ;RB51;2018
141;LeGarrette Blount;RB52;2018
142;Michael Gallup;WR52;2018
143;Kenny Golladay;WR53;2018
144;Giovani Bernard;RB53;2018
145;Josh Doctson;WR54;2018
147;.J. Howard;TE15;2018
148;Tyler Lockett;WR55;2018
149;Jordan Wilkins;RB54;2018
151;Mohamed Sanu Sr.;WR56;2018
152;Jameis Winston;QB21;2018
153;James Conner;RB55;2018
156;Doug Martin;RB56;2018
158;John Brown;WR57;2018
160;Eli Manning;QB22;2018
161;Chris Godwin;WR58;2018
162;Anthony Miller;WR59;2018
164;Austin Ekeler;RB57;2018
165;Rishard Matthews;WR60;2018
167;Eric Ebron;TE16;2018
168;D'Onta Foreman;RB58;2018
169;Dede Westbrook;WR61;2018
174;Geronimo Allison ;WR62;2018
175;Tyrell Williams;WR63;2018
176;Mitchell Trubisky;QB23;2018
178;Cameron Meredith ;WR64;2018
179;Andy Dalton;QB24;2018
180;Case Keenum;QB25;2018
181;Spencer Ware;RB59;2018
182;Courtland Sutton;WR65;2018
183;Frank Gore ;RB60;2018
184;Benjamin Watson;TE17;2018
187;Theo Riddick;RB61;2018
189;DeSean Jackson;WR66;2018
190;Austin Seferian-Jenkins;TE18;2018
192;Ricky Seals-Jones;TE19;2018
193;Jared Cook;TE20;2018
197;Martavis Bryant ;WR67;2018
198;Cameron Brate;TE21;2018
199;Ted Ginn Jr.;WR68;2018
200;T.J. Yeldon;RB62;2018
201;Blake Bortles;QB26;2018
202;Paul Richardson Jr. ;WR69;2018
203;Robert Kelley;RB63;2018
204;John Ross;WR70;2018
205;Mike Gesicki;TE22;2018
206;Nyheim Hines;RB64;2018
209;Christian Kirk;WR71;2018
210;Austin Hooper;TE23;2018
213;Tyrod Taylor;QB27;2018
214;Dez Bryant ;WR72;2018
215;Charles Clay;TE24;2018
216;Donte Moncrief;WR73;2018
217;Danny Amendola;WR74;2018
219;Marqise Lee ;WR75;2018
225;John Kelly Jr.;RB65;2018
226;Samaje Perine;RB66;2018
227;Javorius Allen;RB67;2018
230;Jeremy Hill ;RB68;2018
231;Hayden Hurst;TE25;2018
232;Antonio Gates;TE26;2018
233;James Washington;WR76;2018
234;Chris Ivory;RB69;2018
235;Vance McDonald;TE27;2018
236;Baker Mayfield;QB28;2018
239;Phillip Dorsett II;WR77;2018
242;Sam Bradford;QB29;2018
243;Cole Beasley;WR78;2018
244;Kalen Ballage;RB70;2018
245;Sam Darnold;QB30;2018
246;Kenneth Dixon;RB71;2018
247;Tre'Quan Smith;WR79;2018
248;Joe Flacco;QB31;2018
249;Ryan Tannehill;QB32;2018
250;Dallas Goedert;TE28;2018
251;Chase Edmonds;RB72;2018
252;Lamar Jackson;QB33;2018
253;Mike Wallace ;WR80;2018
254;Jake Butt ;TE29;2018
255;Brandon Marshall;WR81;2018
256;Rod Smith;RB73;2018
257;Quincy Enunwa;WR82;2018
259;Taywan Taylor;WR83;2018
260;Vernon Davis;TE30;2018
261;Josh Allen;QB34;2018
262;Darren Sproles;RB74;2018
263;Jesse James;TE31;2018
264;Terrance Williams;WR84;2018
265;Ryan Grant ;WR85;2018
266;Nick Foles;QB35;2018
267;Jonathan Stewart;RB75;2018
268;Wayne Gallman Jr.;RB76;2018
269;Cordarrelle Patterson;RB77;2018
270;Ameer Abdullah;RB78;2018
271;Travis Benjamin;WR86;2018
274;Josh Rosen;QB36;2018
275;Nick Vannett;TE32;2018
276;Jermaine Kearse;WR87;2018
277;Terrelle Pryor Sr.;WR88;2018
281;Malcolm Brown ;RB79;2018
282;Albert Wilson ;WR89;2018
284;Antonio Callaway;WR90;2018
286;Dante Pettis;WR91;2018
287;Ryan Fitzpatrick;QB37;2018
288;Zay Jones;WR92;2018
289;Tavon Austin;WR93;2018
290;Kevin White ;WR94;2018
291;Luke Willson;TE33;2018
292;Corey Coleman;WR95;2018
293;Ryan Griffin;TE34;2018
296;Hunter Henry;TE35;2018
297;Jaylen Samuels;RB80;2018
298;C.J. Prosise ;RB81;2018
300;Garrett Celek;TE36;2018
302;Blake Jarwin;TE37;2018
304;Virgil Green;TE38;2018
305;Corey Grant ;RB82;2018
306;Jordan Matthews;TE39;2018
308;Willie Snead;WR96;2018
309;Josh McCown;QB38;2018
310;Jaron Brown;WR97;2018
311;AJ McCarron;QB39;2018
312;Elijah McGuire;RB83;2018
313;Mike Gillislee;RB84;2018
314;J'Mon Moore;WR98;2018
316;DJ Chark Jr.;WR99;2018
317;Laquon Treadwell;WR100;2018
320;Mark Andrews;TE40;2018
321;Adam Humphries;WR101;2018
322;Pharoh Cooper;WR102;2018
323;Keke Coutee;WR103;2018
324;Joe Williams;RB85;2018
325;Christine Michael;RB86;2018
326;Chester Rogers;WR104;2018
327;Torrey Smith;WR105;2018
329;Trent Taylor;WR106;2018
331;Jalen Richard;RB87;2018
332;Brandon Zylstra;WR107;2018
333;Geoff Swaim;TE41;2018
335;Boston Scott;RB88;2018
336;J.D. McKissic;RB89;2018
337;Charles Sims;RB90;2018
338;Chris Warren;RB91;2018
339;Rico Gathers;TE42;2018
340;Alfred Blue;RB92;2018
341;J.J. Nelson;WR108;2018
342;Chad Williams;WR109;2018
343;Nathan Peterman;QB40;2018
344;Rashard Higgins;WR110;2018
345;Jonathan Williams;RB93;2018
346;Adam Shaheen;TE43;2018
347;Gerald Everett;TE44;2018
348;Curtis Samuel;WR111;2018
349;Cameron Artis-Payne;RB94;2018
350;John Conner;RB95;2018
351;Brice Butler;WR112;2018
352;Terrance West;RB96;2018
353;Tyler Higbee;TE45;2018
356;Mark Walton;RB97;2018
358;Taylor Gabriel;WR113;2018
359;Jeremy Maclin ;WR114;2018
361;Tyler Boyd;WR115;2018
362;Jordan Akins;TE46;2018
363;Stevan Ridley;RB98;2018
364;Orleans Darkwa;RB99;2018
365;Jacquizz Rodgers;RB100;2018
366;Jonnu Smith;TE47;2018
367;DeAndre Washington;RB101;2018
368;Wendell Smallwood;RB102;2018
369;Tyler Kroft ;TE48;2018
371;Cody Latimer;WR116;2018
372;Marcus Murphy ;RB103;2018
373;Teddy Bridgewater;QB41;2018
374;Marcedes Lewis;TE49;2018
375;Phillip Lindsay;RB104;2018
376;Brandon LaFell ;WR117;2018
377;Malcolm Mitchell;WR118;2018
378;Akeem Hunt;RB105;2018
379;Equanimeous St. Brown;WR119;2018
380;Jake Kumerow;WR120;2018
381;Javon Wims;WR121;2018
382;C.J. Ham;RB106;2018
383;Coby Fleener;TE50;2018
384;Bruce Ellington;WR122;2018
385;Kendall Wright;WR123;2018
386;Kyle Juszczyk;RB107;2018
387;Fitzgerald Toussaint;RB108;2018
388;Shane Vereen;RB109;2018
389;Troymaine Pope;RB110;2018
391;De'Angelo Henderson Sr.;RB111;2018
392;David Moore;WR124;2018
393;Johnny Manziel;QB42;2018
394;Bo Scarbrough;RB112;2018
395;Robert Turbin ;RB113;2018
396;Eric Tomlinson ;TE51;2018
397;Charcandrick West;RB114;2018
398;Kerwynn Williams;RB115;2018
399;Kapri Bibbs;RB116;2018
400;Deonte Thompson;WR125;2018
401;Aaron Hernandez;TE52;2018
402;Derek Carrier;TE53;2018
403;Justin Jackson;RB117;2018
404;Akrum Wadley;RB118;2018
405;Bennie Fowler;WR126;2018
406;Seth Roberts;WR127;2018
407;Tim Tebow;TE54;2018
408;Jeff Heuerman ;TE55;2018
409;DaeSean Hamilton;WR128;2018
411;Ito Smith ;RB119;2018
412;Kyle Lauletta;QB43;2018
413;Mason Rudolph;QB44;2018
414;Marquez Valdes-Scantling;WR129;2018
415;Stephen Anderson;TE56;2018
416;Ed Dickson;TE57;2018
417;Jacoby Brissett;QB45;2018
418;Chris Herndon;TE58;2018
419;Jeremy McNichols;RB120;2018
420;Seth DeValve;TE59;2018
1;Saquon Barkley;RB1;2019
2;Christian McCaffrey;RB2;2019
3;Alvin Kamara;RB3;2019
4;Ezekiel Elliott;RB4;2019
5;DeAndre Hopkins;WR1;2019
6;James Conner;RB5;2019
7;Le'Veon Bell;RB6;2019
8;Davante Adams;WR2;2019
9;David Johnson;RB7;2019
10;Nick Chubb;RB8;2019
11;Todd Gurley;RB9;2019
12;Patrick Mahomes II;QB1;2019
13;Michael Thomas;WR3;2019
14;Julio Jones;WR4;2019
15;Dalvin Cook;RB10;2019
16;Tyreek Hill;WR5;2019
17;JuJu Smith-Schuster;WR6;2019
18;Odell Beckham Jr.;WR7;2019
19;Joe Mixon;RB11;2019
20;Travis Kelce;TE1;2019
21;Leonard Fournette;RB12;2019
22;Mike Evans;WR8;2019
23;Antonio Brown;WR9;2019
24;Adam Thielen;WR10;2019
25;Damien Williams;RB13;2019
26;Keenan Allen;WR11;2019
27;Kerryon Johnson;RB14;2019
28;Aaron Jones Sr.;RB15;2019
29;Zach Ertz;TE2;2019
30;Chris Carson ;RB16;2019
31;George Kittle;TE3;2019
32;Josh Jacobs;RB17;2019
33;Devonta Freeman;RB18;2019
34;Amari Cooper;WR12;2019
35;Stefon Diggs;WR13;2019
36;Derrick Henry;RB19;2019
37;Deshaun Watson;QB2;2019
38;David Montgomery;RB20;2019
39;Marlon Mack;RB21;2019
40;Brandin Cooks;WR14;2019
41;Mark Ingram;RB22;2019
42;Robert Woods;WR15;2019
43;Julian Edelman;WR16;2019
44;Sony Michel;RB23;2019
45;T.Y. Hilton;WR17;2019
46;Tyler Lockett;WR18;2019
47;Aaron Rodgers;QB3;2019
48;Melvin Gordon;RB24;2019
49;Kenny Golladay;WR19;2019
50;Chris Godwin;WR20;2019
51;Cooper Kupp;WR21;2019
52;Phillip Lindsay;RB25;2019
53;Calvin Ridley;WR22;2019
54;Baker Mayfield;QB4;2019
55;O.J. Howard;TE4;2019
56;Tevin Coleman;RB26;2019
57;Tyler Boyd;WR23;2019
58;Austin Ekeler;RB27;2019
59;Mike Williams;WR24;2019
60;A.J. Green ;WR25;2019
61;Evan Engram;TE5;2019
62;Matt Ryan;QB5;2019
63;Alshon Jeffery ;WR26;2019
64;James White;RB28;2019
65;Josh Gordon;WR27;2019
66;Hunter Henry;TE6;2019
67;DJ Moore;WR28;2019
68;Miles Sanders;RB29;2019
69;Jarvis Landry;WR29;2019
70;Duke Johnson Jr.;RB30;2019
71;Drew Brees;QB6;2019
72;Carson Wentz;QB7;2019
73;Derrius Guice ;RB31;2019
74;Kenyan Drake;RB32;2019
75;Jared Cook;TE7;2019
76;Tarik Cohen;RB33;2019
77;Allen Robinson II;WR30;2019
78;Robbie Chosen;WR31;2019
79;Jared Goff;QB8;2019
80;Dede Westbrook;WR32;2019
81;William Fuller;WR33;2019
82;Russell Wilson;QB9;2019
83;Latavius Murray;RB34;2019
85;Vance McDonald;TE8;2019
86;Sammy Watkins;WR34;2019
87;Jordan Howard;RB35;2019
88;Emmanuel Sanders;WR35;2019
89;Cam Newton ;QB10;2019
90;Christian Kirk;WR36;2019
91;Sterling Shepard;WR37;2019
92;Corey Davis;WR38;2019
93;Marvin Jones Jr. ;WR39;2019
94;LeSean McCoy;RB36;2019
95;Eric Ebron ;TE9;2019
96;Ben Roethlisberger ;QB11;2019
97;Matt Breida;RB37;2019
98;Curtis Samuel;WR40;2019
99;Devin Singletary;RB38;2019
100;Rashaad Penny ;RB39;2019
101;David Njoku;TE10;2019
102;Darrell Henderson Jr.;RB40;2019
103;Jameis Winston;QB12;2019
104;Larry Fitzgerald;WR41;2019
105;Tom Brady;QB13;2019
106;Lamar Jackson;QB14;2019
107;Peyton Barber;RB41;2019
108;Kyler Murray;QB15;2019
109;Dante Pettis;WR42;2019
110;Kareem Hunt;RB42;2019
112;Royce Freeman;RB43;2019
113;Marquez Valdes-Scantling;WR43;2019
114;Tony Pollard;RB44;2019
115;Courtland Sutton;WR44;2019
116;Philip Rivers;QB16;2019
117;Delanie Walker ;TE11;2019
119;James Washington;WR45;2019
120;Geronimo Allison;WR46;2019
121;Darwin Thompson;RB45;2019
122;Dak Prescott;QB17;2019
123;Adrian Peterson;RB46;2019
127;DeSean Jackson ;WR47;2019
128;Justin Jackson;RB47;2019
129;Austin Hooper;TE12;2019
130;Kalen Ballage ;RB48;2019
131;Dion Lewis;RB49;2019
132;Michael Gallup;WR48;2019
134;Kirk Cousins;QB18;2019
135;Donte Moncrief;WR49;2019
136;T.J. Hockenson;TE13;2019
137;Jaylen Samuels;RB50;2019
139;Tyrell Williams;WR50;2019
140;Mark Andrews;TE14;2019
141;Mitchell Trubisky;QB19;2019
142;John Brown;WR51;2019
144;Anthony Miller;WR52;2019
145;DK Metcalf;WR53;2019
146;Golden Tate;WR54;2019
147;Greg Olsen;TE15;2019
148;Justice Hill;RB51;2019
149;Ronald Jones;RB52;2019
150;Jimmy Garoppolo;QB20;2019
151;Carlos Hyde;RB53;2019
152;Trey Burton ;TE16;2019
153;Alexander Mattison;RB54;2019
154;Josh Allen;QB21;2019
158;Keke Coutee;WR55;2019
159;Damien Harris;RB55;2019
164;Ito Smith ;RB56;2019
165;Jamison Crowder;WR56;2019
166;Matthew Stafford;QB22;2019
169;Kyle Rudolph;TE17;2019
170;Deebo Samuel Sr.;WR57;2019
173;N'Keal Harry;WR58;2019
174;Jordan Reed;TE18;2019
175;Marquise Goodwin;WR59;2019
177;Jimmy Graham;TE19;2019
180;Mohamed Sanu Sr.;WR60;2019
182;Derek Carr;QB23;2019
183;Nyheim Hines;RB57;2019
184;Marquise Brown;WR61;2019
185;Mecole Hardman Jr.;WR62;2019
186;Sam Darnold;QB24;2019
187;Kenny Stills;WR63;2019
189;C.J. Anderson;RB58;2019
190;Chris Thompson;RB59;2019
191;Noah Fant;TE20;2019
193;Jamaal Williams;RB60;2019
194;Darren Waller;TE21;2019
195;Nick Foles;QB25;2019
196;Jalen Richard;RB61;2019
197;Zay Jones;WR64;2019
198;Malcolm Brown;RB62;2019
199;Dare Ogunbowale;RB63;2019
200;Devin Funchess ;WR65;2019
201;Marqise;WR66;2019
202;Nelson Agholor;WR67;2019
204;DaeSean Hamilton;WR68;2019
205;Albert Wilson;WR69;2019
207;DeVante Parker;WR70;2019
208;Tre'Quan Smith;WR71;2019
209;Ty Montgomery;RB64;2019
210;Jack Doyle;TE22;2019
211;Jason Witten;TE23;2019
212;Frank Gore;RB65;2019
213;Miles Boykin;WR72;2019
219;Chris Herndon IV ;TE24;2019
221;Adam Humphries;WR73;2019
222;J.J. Arcega-Whiteside;WR74;2019
224;Dallas Goedert;TE25;2019
225;Giovani Bernard;RB66;2019
227;Parris Campbell;WR75;2019
229;Marcus Mariota;QB26;2019
230;A.J. Brown;WR76;2019
231;Gus Edwards;RB67;2019
232;Randall Cobb;WR77;2019
233;Cameron Brate;TE26;2019
235;Mike Davis;RB68;2019
236;Demaryius Thomas;WR78;2019
238;Andy Isabella;WR79;2019
239;Chase Edmonds;RB69;2019
240;Chris Moore;WR80;2019
241;Tyler Eifert;TE27;2019
242;Antonio Callaway ;WR81;2019
243;Jacoby Brissett;QB27;2019
244;Darrel Williams ;RB70;2019
245;T.J. Yeldon;RB71;2019
246;Ted Ginn Jr.;WR82;2019
247;Quincy Enunwa ;WR83;2019
248;Kelvin Harmon;WR84;2019
249;Willie Snead;WR85;2019
250;Trayveon Williams;RB72;2019
251;Andy Dalton;QB28;2019
252;Mike Gesicki;TE28;2019
253;Diontae Johnson;WR86;2019
255;Ryquell Armstead;RB73;2019
256;Rashard Higgins;WR87;2019
258;Robert Foster;WR88;2019
259;Jakobi Meyers;WR89;2019
260;Preston Williams ;WR90;2019
261;Cole Beasley;WR91;2019
262;Matt LaCosse;TE29;2019
263;Dontrell Hilliard;RB74;2019
264;Trey Quinn ;WR92;2019
265;Paul Richardson Jr. ;WR93;2019
267;Irv Smith Jr.;TE30;2019
269;Jalen Hurd;WR94;2019
271;Danny Amendola;WR95;2019
272;Benjamin Watson;TE31;2019
273;Joe Flacco;QB29;2019
274;Riley Ridley;WR96;2019
279;Jake Kumerow;WR97;2019
280;Alfred Morris;RB75;2019
281;Brian Hill;RB76;2019
282;Dwayne Haskins;QB30;2019
283;Qadree Ollison;RB77;2019
284;Hunter Renfrow;WR98;2019
286;Demarcus Robinson;WR99;2019
287;Josh Doctson;WR100;2019
288;Dexter Williams;RB78;2019
289;Damarea Crockett;RB79;2019
290;Will Dissly;TE32;2019
291;DJ Chark Jr.;WR101;2019
292;Josh Reynolds;WR102;2019
293;John Ross;WR103;2019
294;Gerald Everett;TE33;2019
297;Myles Gaskin;RB80;2019
300;David Moore;WR104;2019
301;Wayne Gallman Jr.;RB81;2019
302;KeeSean Johnson;WR105;2019
303;Jay Ajayi;RB82;2019
306;Bruce Anderson;RB83;2019
308;Phillip Dorsett II;WR106;2019
309;Theo Riddick;RB84;2019
310;Ian Thomas;TE34;2019
311;Travis Benjamin;WR107;2019
312;Rex Burkhead;RB85;2019
313;Taylor Gabriel;WR108;2019
314;Vernon Davis;TE35;2019
316;Benny Snell Jr.;RB86;2019
317;Eli Manning;QB31;2019
318;Alfred Blue;RB87;2019
320;Daniel Jones;QB32;2019
321;Doug Martin;RB88;2019
322;Taywan Taylor;WR109;2019
323;Ryan Fitzpatrick;QB33;2019
324;Josh Rosen;QB34;2019
328;Corey Clement;RB89;2019
329;Alex Collins;RB90;2019
330;Chris Conley;WR110;2019
331;Hayden Hurst;TE36;2019
332;Devontae Booker;RB91;2019
333;Chris Hogan;WR111;2019
334;Laquon Treadwell;WR112;2019
336;Kendrick Bourne;WR113;2019
337;Ricky Seals-Jones;TE37;2019
338;Case Keenum;QB35;2019
339;Deon Cain;WR114;2019
340;Zach Zenner;RB92;2019
341;Blake Jarwin;TE38;2019
342;Spencer Ware;RB93;2019
343;Breshad Perriman;WR115;2019
344;Cordarrelle Patterson;RB94;2019
345;Bilal Powell;RB95;2019
346;Michael Crabtree;WR116;2019
347;Cameron Artis-Payne;RB96;2019
348;C.J. Uzomah;TE39;2019
349;Chester Rogers ;WR117;2019
350;Jesse James;TE40;2019
351;Jaron Brown;WR118;2019
352;Wendell Smallwood;RB97;2019
353;Kyle Juszczyk;RB98;2019
354;Jordan Matthews;TE41;2019
355;Seth Roberts;WR119;2019
356;Geoff Swaim;TE42;2019
357;Jarius Wright;WR120;2019
358;Tajae Sharpe;WR121;2019
359;Drew Lock;QB36;2019
360;Isaiah McKenzie;WR122;2019
361;Tim Patrick;WR123;2019
362;Keelan Cole Sr.;WR124;2019
363;Jordan Wilkins;RB99;2019
364;Jordan Thomas;TE43;2019
365;Kapri Bibbs;RB100;2019
366;James Develin ;RB101;2019
367;Blake Bortles;QB37;2019
368;Zach Pascal;WR125;2019
369;Nick Vannett;TE44;2019
370;Aldrick Robinson;WR126;2019
371;Ryan Tannehill;QB38;2019
372;C.J. Beathard;QB39;2019
373;Chris Ivory;RB102;2019
374;Terry McLaurin;WR127;2019
376;Manasseh Garner;TE45;2019
377;Demetrius Harris;TE46;2019
378;Felton Davis;WR128;2019
379;Ty Johnson;RB103;2019
381;James 'Shaughnessy;TE47;2019
382;Dawson Knox;TE48;2019
383;Darren Sproles ;RB104;2019
384;Jeff Heuerman;TE49;2019
385;Garrett Gilbert;QB40;2019
386;Trent Taylor;WR129;2019
387;Mason Rudolph;QB41;2019
388;C.J. Prosise ;RB105;2019
389;De'Angelo Henderson Sr.;RB106;2019
390;Quadree Henderson;WR130;2019
391;Gary Jennings Jr. ;WR131;2019
393;Jakeem Grant Sr.;WR132;2019
394;Mark Walton;RB107;2019
395;Josh liver;TE50;2019
396;Dontrelle Inman;WR133;2019
397;Ryan Switzer;WR134;2019
398;Andre Ellington;RB108;2019
399;Tyler Kroft;TE51;2019
400;Jonnu Smith;TE52;2019
401;Foster Moreau;TE53;2019
402;Bryce Love;RB109;2019
403;D'Onta Foreman;RB110;2019
1;Christian McCaffrey;RB1;2020
2;Saquon Barkley;RB2;2020
3;Ezekiel Elliott;RB3;2020
4;Derrick Henry;RB4;2020
5;Dalvin Cook;RB5;2020
6;Michael Thomas;WR1;2020
7;Alvin Kamara;RB6;2020
8;Nick Chubb;RB7;2020
9;Clyde Edwards-Helaire;RB8;2020
10;Joe Mixon;RB9;2020
11;Davante Adams;WR2;2020
12;Josh Jacobs;RB10;2020
13;Tyreek Hill;WR3;2020
14;Patrick Mahomes II;QB1;2020
15;Aaron Jones Sr.;RB11;2020
16;Julio Jones;WR4;2020
17;Lamar Jackson;QB2;2020
18;Kenyan Drake;RB12;2020
19;Miles Sanders;RB13;2020
20;DeAndre Hopkins;WR5;2020
21;Travis Kelce;TE1;2020
22;Austin Ekeler;RB14;2020
23;Chris Godwin;WR6;2020
24;George Kittle;TE2;2020
25;Kenny Golladay;WR7;2020
26;Mike Evans;WR8;2020
27;Todd Gurley;RB15;2020
28;Chris Carson;RB16;2020
29;Amari Cooper;WR9;2020
30;dell Beckham Jr.;WR10;2020
31;David Johnson;RB17;2020
32;Jonathan Taylor;RB18;2020
33;Adam Thielen;WR11;2020
34;JuJu Smith-Schuster;WR12;2020
35;James Conner;RB19;2020
36;Cooper Kupp;WR13;2020
37;A.J. Brown;WR14;2020
38;Allen Robinson II;WR15;2020
39;Mark Andrews;TE3;2020
40;Leonard Fournette;RB20;2020
41;Melvin Gordon;RB21;2020
42;Calvin Ridley;WR16;2020
43;Mark Ingram;RB22;2020
44;Le'Veon Bell;RB23;2020
45;DJ Moore;WR17;2020
46;Raheem Mostert;RB24;2020
47;Dak Prescott;QB3;2020
48;DK Metcalf;WR18;2020
49;Tyler Lockett;WR19;2020
50;Deshaun Watson;QB4;2020
51;Zach Ertz;TE4;2020
52;Robert Woods;WR20;2020
53;Russell Wilson;QB5;2020
54;Devin Singletary;RB25;2020
55;Courtland Sutton;WR21;2020
56;Keenan Allen;WR22;2020
57;Stefon Diggs;WR23;2020
58;DJ Chark Jr.;WR24;2020
59;Kyler Murray;QB6;2020
60;Cam Akers;RB26;2020
61;Terry McLaurin;WR25;2020
62;DeVante Parker;WR26;2020
63;T.Y. Hilton;WR27;2020
64;David Montgomery;RB27;2020
65;Darren Waller;TE5;2020
66;Kareem Hunt;RB28;2020
67;A.J. Green;WR28;2020
68;D'Andre Swift;RB29;2020
69;Marquise Brown;WR29;2020
70;Michael Gallup;WR30;2020
71;Drew Brees;QB7;2020
72;Rob Gronkowski;TE6;2020
73;Jarvis Landry;WR31;2020
74;Evan Engram;TE7;2020
75;Matt Ryan;QB8;2020
76;Aaron Rodgers;QB9;2020
77;William Fuller V ;WR32;2020
78;Tyler Boyd;WR33;2020
79;Ronald Jones;RB30;2020
80;Julian Edelman;WR34;2020
81;Tom Brady;QB10;2020
82;Josh Allen;QB11;2020
83;Brandin Cooks;WR35;2020
84;J.K. Dobbins;RB31;2020
85;Jordan Howard;RB32;2020
86;Deebo Samuel Sr.;WR36;2020
87;Hunter Henry;TE8;2020
88;Marlon Mack ;RB33;2020
89;Kerryon Johnson;RB34;2020
90;Sony Michel;RB35;2020
91;Jared Cook;TE9;2020
92;Marvin Jones Jr.;WR37;2020
93;Phillip Lindsay;RB36;2020
94;Carson Wentz;QB12;2020
95;James White;RB37;2020
96;CeeDee Lamb;WR38;2020
97;Tyler Higbee;TE10;2020
98;Emmanuel Sanders;WR39;2020
99;Matthew Stafford;QB13;2020
100;Austin Hooper;TE11;2020
101;Matt Breida;RB38;2020
102;Darius Slayton;WR40;2020
103;Tevin Coleman;RB39;2020
104;Latavius Murray;RB40;2020
105;Zack Moss;RB41;2020
106;Christian Kirk;WR41;2020
108;Jerry Jeudy;WR42;2020
109;Tarik Cohen ;RB42;2020
110;Diontae Johnson;WR43;2020
111;Daniel Jones;QB14;2020
112;Sterling Shepard;WR44;2020
113;Hayden Hurst;TE12;2020
115;Mecole Hardman Jr.;WR45;2020
116;John Brown;WR46;2020
117;Ben Roethlisberger;QB15;2020
118;Alexander Mattison;RB43;2020
119;Noah Fant;TE13;2020
121;Henry Ruggs;WR47;2020
122;Baker Mayfield;QB16;2020
123;Justin Jefferson;WR48;2020
124;Antonio Gibson;RB44;2020
125;Jared Goff;QB17;2020
126;Jamison Crowder;WR49;2020
127;Adrian Peterson;RB45;2020
131;Anthony Miller;WR50;2020
132;Ryan Tannehill;QB18;2020
133;Golden Tate;WR51;2020
134;T.J. Hockenson;TE14;2020
135;Chase Edmonds;RB46;2020
136;Darrell Henderson Jr.;RB47;2020
137;Mike Gesicki;TE15;2020
138;Preston Williams;WR52;2020
139;Ke'Shawn Vaughn;RB48;2020
140;Duke Johnson Jr.;RB49;2020
141;DeSean Jackson;WR53;2020
142;Sammy Watkins;WR54;2020
143;Joe Burrow;QB19;2020
144;Mike Williams;WR55;2020
147;Boston Scott;RB50;2020
149;Cam Newton;QB20;2020
150;Robbie Chosen;WR56;2020
151;AJ Dillon;RB51;2020
152;Chris Thompson;RB52;2020
153;Justin Jackson;RB53;2020
155;Kirk Cousins;QB21;2020
156;Tony Pollard;RB54;2020
157;Blake Jarwin ;TE16;2020
158;Jonnu Smith;TE17;2020
160;Philip Rivers;QB22;2020
161;Breshad Perriman;WR57;2020
163;N'Keal Harry;WR58;2020
164;Jalen Reagor;WR59;2020
165;Alshon Jeffery;WR60;2020
166;Dallas Goedert;TE18;2020
167;Jack Doyle;TE19;2020
168;Jimmy Garoppolo;QB23;2020
169;Allen Lazard;WR61;2020
170;Nyheim Hines;RB55;2020
171;Damien Harris;RB56;2020
174;Curtis Samuel;WR62;2020
176;Greg Olsen;TE20;2020
177;Rashaad Penny;RB57;2020
178;Michael Pittman Jr.;WR63;2020
179;Darrel Williams;RB58;2020
180;Chris Herndon;TE21;2020
181;Gardner Minshew II;QB24;2020
182;Drew Lock;QB25;2020
183;Jamaal Williams;RB59;2020
184;Ryquell Armstead ;RB60;2020
185;Eric Ebron;TE22;2020
186;Bryce Love;RB61;2020
190;Bryan Edwards;WR64;2020
192;LeSean McCoy;RB62;2020
194;Carlos Hyde;RB63;2020
199;Ian Thomas;TE23;2020
201;Sam Darnold;QB26;2020
202;Teddy Bridgewater;QB27;2020
205;Brandon Aiyuk;WR65;2020
207;.J. Howard;TE24;2020
209;Denzel Mims;WR66;2020
210;Benny Snell Jr.;RB64;2020
211;Lamar Miller;RB65;2020
213;Jerick McKinnon;RB66;2020
214;Hunter Renfrow;WR67;2020
216;Larry Fitzgerald;WR68;2020
217;John Ross;WR69;2020
218;Dede Westbrook ;WR70;2020
219;Joshua Kelley;RB67;2020
220;Tee Higgins;WR71;2020
221;James Washington;WR72;2020
222;Antonio Brown;WR73;2020
223;Parris Campbell;WR74;2020
224;Kendrick Bourne;WR75;2020
225;Corey Davis;WR76;2020
226;Derek Carr;QB28;2020
227;Tyler Eifert;TE25;2020
228;Irv Smith Jr.;TE26;2020
231;Devin Asiasi;TE27;2020
232;Kyle Rudolph;TE28;2020
235;Frank Gore;RB68;2020
236;Kenny Stills;WR77;2020
237;Malcolm Brown;RB69;2020
238;Lynn Bowden Jr.;WR78;2020
239;Josh Gordon;WR79;2020
240;Justice Hill;RB70;2020
241;Brian Hill;RB71;2020
243;Randall Cobb;WR80;2020
244;Devin Duvernay;WR81;2020
245;Eno Benjamin;RB72;2020
246;Laviska Shenault Jr.;WR82;2020
247;Dawson Knox;TE29;2020
248;Darrynton Evans;RB73;2020
249;Anthony McFarland Jr.;RB74;2020
250;Ryan Fitzpatrick;QB29;2020
251;Devonta Freeman;RB75;2020
252;Royce Freeman;RB76;2020
253;Cole Beasley;WR83;2020
254;La'Mical Perine;RB77;2020
255;Tyrod Taylor;QB30;2020
256;Cole Kmet;TE30;2020
259;Gus Edwards;RB78;2020
260;Mohamed Sanu Sr.;WR84;2020
262;Giovani Bernard;RB79;2020
263;Chase Claypool;WR85;2020
264;Josh Reynolds;WR86;2020
265;Andy Isabella;WR87;2020
267;David Njoku;TE31;2020
268;Will Dissly;TE32;2020
269;Jace Sternberger;TE33;2020
270;Dwayne Haskins;QB31;2020
272;Tre'Quan Smith;WR88;2020
273;Jimmy Graham;TE34;2020
274;Ito Smith;RB80;2020
275;Jalen Richard;RB81;2020
278;Jaylen Samuels;RB82;2020
279;KJ Hamler;WR89;2020
280;Chris Conley;WR90;2020
281;Dion Lewis;RB83;2020
282;Logan Thomas;TE35;2020
283;Gerald Everett;TE36;2020
285;Danny Amendola;WR91;2020
286;Rex Burkhead ;RB84;2020
287;Jarrett Stidham;QB32;2020
288;Miles Boykin;WR92;2020
290;Darwin Thompson;RB85;2020
293;Zach Pascal;WR93;2020
294;Vance McDonald;TE37;2020
295;Nick Foles;QB33;2020
297;Auden Tate ;WR94;2020
299;Peyton Barber;RB86;2020
300;Phillip Dorsett II;WR95;2020
302;Tua Tagovailoa;QB34;2020
303;Steven Sims Jr.;WR96;2020
304;Marquez Valdes-Scantling;WR97;2020
305;Nelson Agholor;WR98;2020
306;Mitchell Trubisky;QB35;2020
308;Jacob Hollister;TE38;2020
309;Demarcus Robinson;WR99;2020
310;J.J. Arcega-Whiteside;WR100;2020
311;Cameron Brate;TE39;2020
314;Van Jefferson;WR101;2020
315;Adam Humphries;WR102;2020
316;Mike Boone;RB87;2020
317;Russell Gage;WR103;2020
323;David Moore;WR104;2020
324;Trey Burton;TE40;2020
325;Devine Ozigbo;RB88;2020
327;Dan Arnold;TE41;2020
329;Adam Trautman;TE42;2020
330;J.D. McKissic;RB89;2020
331;Cordarrelle Patterson;RB90;2020
332;James Robinson;RB91;2020
333;Scotty Miller;WR105;2020
337;Ty Montgomery;RB92;2020
338;Kalen Ballage;RB93;2020
341;DeeJay Dallas;RB94;2020
342;Quintez Cephus;WR106;2020
343;Gabe Davis;WR107;2020
345;J.J. Taylor;RB95;2020
346;Mo Alie-Cox;TE43;2020
347;John Hightower;WR108;2020
348;Derrius Guice;RB96;2020
1;Christian McCaffrey;RB1;2021
2;Dalvin Cook;RB2;2021
3;Derrick Henry;RB3;2021
4;Alvin Kamara;RB4;2021
5;Ezekiel Elliott;RB5;2021
6;Nick Chubb;RB6;2021
7;Aaron Jones Sr.;RB7;2021
8;Davante Adams;WR1;2021
9;Jonathan Taylor;RB8;2021
10;Saquon Barkley;RB9;2021
11;Tyreek Hill;WR2;2021
12;Travis Kelce;TE1;2021
13;Patrick Mahomes II;QB1;2021
14;Najee Harris;RB10;2021
15;Austin Ekeler;RB11;2021
16;Stefon Diggs;WR3;2021
17;Antonio Gibson;RB12;2021
18;DK Metcalf;WR4;2021
19;Joe Mixon;RB13;2021
20;DeAndre Hopkins;WR5;2021
21;Calvin Ridley;WR6;2021
22;Clyde Edwards-Helaire;RB14;2021
23;A.J. Brown;WR7;2021
24;Darren Waller;TE2;2021
25;Justin Jefferson;WR8;2021
26;Josh Allen;QB2;2021
27;David Montgomery;RB15;2021
28;Josh Jacobs;RB16;2021
29;Chris Carson ;RB17;2021
30;George Kittle;TE3;2021
31;Keenan Allen;WR9;2021
32;James Robinson ;RB18;2021
33;Terry McLaurin;WR10;2021
34;Mike Evans;WR11;2021
35;Miles Sanders;RB19;2021
36;CeeDee Lamb;WR12;2021
37;Kyler Murray;QB3;2021
38;Allen Robinson II;WR13;2021
39;D'Andre Swift;RB20;2021
40;Lamar Jackson;QB4;2021
41;Chris Godwin;WR14;2021
42;Robert Woods;WR15;2021
43;Julio Jones;WR16;2021
44;Amari Cooper;WR17;2021
45;Myles Gaskin;RB21;2021
46;Aaron Rodgers;QB5;2021
47;Adam Thielen;WR18;2021
48;Kyle Pitts;TE4;2021
49;Kareem Hunt;RB22;2021
50;Russell Wilson;QB6;2021
51;Cooper Kupp;WR19;2021
52;Mike Davis;RB23;2021
53;Dak Prescott;QB7;2021
54;Mark Andrews;TE5;2021
55;Tyler Lockett;WR20;2021
56;Raheem Mostert;RB24;2021
57;DJ Moore;WR21;2021
58;Darrell Henderson Jr.;RB25;2021
59;Justin Herbert;QB8;2021
60;Diontae Johnson;WR22;2021
61;Javonte Williams;RB26;2021
62;Chase Edmonds;RB27;2021
63;Damien Harris;RB28;2021
64;Gus Edwards;RB29;2021
65;T.J. Hockenson;TE6;2021
66;Brandon Aiyuk;WR23;2021
67;Chase Claypool;WR24;2021
68;Tom Brady;QB9;2021
69;Odell Beckham Jr.;WR25;2021
70;Melvin Gordon;RB30;2021
71;Ja'Marr Chase;WR26;2021
72;Tee Higgins;WR27;2021
73;Michael Thomas ;WR28;2021
74;Kenny Golladay;WR29;2021
75;Jerry Jeudy;WR30;2021
76;Ronald Jones;RB31;2021
77;JuJu Smith-Schuster;WR31;2021
78;Trey Sermon;RB32;2021
79;Leonard Fournette;RB33;2021
80;Courtland Sutton;WR32;2021
81;Matthew Stafford;QB10;2021
82;Logan Thomas ;TE7;2021
83;DeVonta Smith;WR33;2021
84;Robbie Chosen;WR34;2021
85;Ryan Tannehill;QB11;2021
86;Robert Tonyan;TE8;2021
87;Deebo Samuel Sr.;WR35;2021
88;Antonio Brown ;WR36;2021
89;AJ Dillon;RB34;2021
90;Zack Moss;RB35;2021
91;Tyler Boyd;WR37;2021
92;James Conner;RB36;2021
93;Noah Fant;TE9;2021
94;DJ Chark Jr.;WR38;2021
95;Michael Carter;RB37;2021
96;Jalen Hurts;QB12;2021
97;Brandin Cooks;WR39;2021
98;Jarvis Landry;WR40;2021
99;Devin Singletary;RB38;2021
100;Dallas Goedert;TE10;2021
101;Rob Gronkowski;TE11;2021
102;Corey Davis ;WR41;2021
104;Laviska Shenault Jr.;WR42;2021
105;Sony Michel;RB39;2021
107;Joe Burrow;QB13;2021
109;Kenyan Drake ;RB40;2021
110;Michael Pittman Jr.;WR43;2021
111;Jamaal Williams;RB41;2021
112;David Johnson;RB42;2021
113;Mike Gesicki;TE12;2021
114;Tyler Higbee;TE13;2021
116;Jaylen Waddle;WR44;2021
117;Mike Williams;WR45;2021
119;Marquez Callaway;WR46;2021
120;William Fuller;WR47;2021
123;Mecole Hardman Jr.;WR48;2021
124;Marquise Brown;WR49;2021
125;Michael Gallup ;WR50;2021
126;Tony Pollard;RB43;2021
127;Henry Ruggs III ;WR51;2021
128;Trevor Lawrence;QB14;2021
129;Matt Ryan;QB15;2021
130;Baker Mayfield;QB16;2021
132;Curtis Samuel;WR52;2021
135;Darnell Mooney;WR53;2021
136;Nyheim Hines;RB44;2021
137;Jonnu Smith;TE14;2021
138;Justin Fields;QB17;2021
139;Marvin Jones Jr.;WR54;2021
140;Alexander Mattison;RB45;2021
141;Cole Beasley;WR55;2021
142;Trey Lance;QB18;2021
143;J.D. McKissic;RB46;2021
144;Rhamondre Stevenson;RB47;2021
146;Tevin Coleman;RB48;2021
147;DeVante Parker;WR56;2021
148;Jakobi Meyers;WR57;2021
150;Kirk Cousins;QB19;2021
151;Jared Cook;TE15;2021
152;Jameis Winston;QB20;2021
153;Ben Roethlisberger;QB21;2021
155;Phillip Lindsay;RB49;2021
156;Latavius Murray;RB50;2021
159;Nelson Agholor;WR58;2021
160;Russell Gage;WR59;2021
161;Mac Jones;QB22;2021
163;Tua Tagovailoa;QB23;2021
165;Chuba Hubbard;RB51;2021
167;Elijah Moore;WR60;2021
168;Ryan Fitzpatrick ;QB24;2021
169;Mark Ingram;RB52;2021
170;James White ;RB53;2021
172;Hunter Henry;TE16;2021
173;Zach Ertz;TE17;2021
174;Rashaad Penny;RB54;2021
178;Evan Engram;TE18;2021
179;Bryan Edwards;WR61;2021
180;Pat Freiermuth;TE19;2021
181;Sterling Shepard;WR62;2021
182;Gerald Everett;TE20;2021
183;Giovani Bernard;RB55;2021
184;Rondale Moore;WR63;2021
186;Kenneth Gainwell;RB56;2021
187;Terrace Marshall Jr.;WR64;2021
190;Derek Carr;QB25;2021
191;Marlon Mack;RB57;2021
192;Tony Jones Jr.;RB58;2021
193;A.J. Green;WR65;2021
194;Amon-Ra St. Brown;WR66;2021
195;Randall Cobb;WR67;2021
196;Gabe Davis;WR68;2021
198;Darrel Williams;RB59;2021
199;Devontae Booker;RB60;2021
200;Zach Wilson;QB26;2021
201;Anthony Firkser;TE21;2021
202;Damien Williams;RB61;2021
204;Deshaun Watson;QB27;2021
205;Ty'Son Williams;RB62;2021
206;Marquez Valdes-Scantling;WR69;2021
207;Malcolm Brown;RB63;2021
209;Darrynton Evans;RB64;2021
211;Jalen Reagor;WR70;2021
212;Austin Hooper;TE22;2021
213;Rashod Bateman;WR71;2021
214;Ty Johnson;RB65;2021
215;Jamison Crowder;WR72;2021
216;Wayne Gallman Jr.;RB66;2021
217;T.Y. Hilton;WR73;2021
218;J.J. Taylor;RB67;2021
219;Allen Lazard;WR74;2021
220;Christian Kirk;WR75;2021
223;Emmanuel Sanders;WR76;2021
225;Kadarius Toney;WR77;2021
227;Salvon Ahmed;RB68;2021
228;Carlos Hyde ;RB69;2021
229;Todd Gurley;RB70;2021
230;Blake Jarwin;TE23;2021
231;Cole Kmet;TE24;2021
232;Adam Trautman;TE25;2021
233;Carson Wentz;QB28;2021
235;Anthony McFarland Jr.;RB71;2021
236;Tre'Quan Smith;WR78;2021
237;Cordarrelle Patterson;RB72;2021
238;Justin Jackson;RB73;2021
239;O.J. Howard;TE26;2021
240;Joshua Palmer;WR79;2021
241;Tyrell Williams;WR80;2021
243;Tarik Cohen;RB74;2021
244;Boston Scott;RB75;2021
245;Taysom Hill;TE27;2021
246;Jordan Akins;TE28;2021
247;Jaret Patterson;RB76;2021
248;Elijah Mitchell;RB77;2021
249;Parris Campbell;WR81;2021
250;Nico Collins;WR82;2021
251;Donovan Peoples-Jones;WR83;2021
253;Benny Snell Jr.;RB78;2021
254;Javian Hawkins;RB79;2021
255;Brian Hill;RB80;2021
256;Daniel Jones;QB29;2021
258;Eric Ebron;TE29;2021
259;Joshua Kelley;RB81;2021
260;Xavier Jones;RB82;2021
263;Chris Herndon;TE30;2021
264;Darius Slayton;WR84;2021
265;Sam Darnold;QB30;2021
266;Juwan Johnson;TE31;2021
267;Jerick McKinnon;RB83;2021
268;Byron Pringle;WR85;2021
269;Sammy Watkins;WR86;2021
270;Tim Tebow;TE32;2021
271;Hayden Hurst;TE33;2021
272;Dawson Knox;TE34;2021
273;Jimmy Graham;TE35;2021
274;Detrez Newsome;RB84;2021
275;John Brown;WR87;2021
277;Paul McRoberts;WR88;2021
280;Marcus Marshall;RB85;2021
281;Vincent Testaverde;QB31;2021
282;Nick Tiano;QB32;2021
283;Kent Taylor;TE36;2021
284;Cam Sutton;TE37;2021
285;Stevan Ridley;RB86;2021
286;Drew Lock;QB33;2021
287;Brandon Weeden;QB34;2021
288;Breshad Perriman;WR89;2021
289;Isaiah Burse;WR90;2021
290;La'Mical Perine;RB87;2021
291;Juwan Green;WR91;2021
292;Taywan Taylor;WR92;2021
293;Qadree Ollison;RB88;2021
294;Derel Walker;WR93;2021
295;Tyler Davis;WR94;2021
296;Dan Arnold;TE38;2021
297;Connor Davis;TE39;2021
298;Tyrod Taylor;QB35;2021
299;Josiah Deguara;TE40;2021
300;Khalid Hill;RB89;2021
301;Aaron Fuller;WR95;2021
302;Austin Traylor;TE41;2021
303;Pooka Williams Jr.;RB90;2021
304;Jarvion Franklin;RB91;2021
305;Scotty Miller;WR96;2021
306;Martavis Bryant;WR97;2021
307;Cam Newton;QB36;2021
308;Drew Anderson;QB37;2021
309;Denzel Mims;WR98;2021
310;Cole McDonald;QB38;2021
311;Willie Snead;WR99;2021
312;Dee Eskridge;WR100;2021
313;Darrin Hall;RB92;2021
314;Dalton Schultz;TE42;2021
315;DeAndre Thompkins;WR101;2021
317;Eno Benjamin;RB93;2021
318;Isaiah Crowell;RB94;2021
319;Jeff Wilson Jr.;RB95;2021
320;Jeremy Kerley;WR102;2021
322;Broc Rutter;QB39;2021
323;DeSean Jackson;WR103;2021
324;Royce Freeman;RB96;2021
326;Keke Coutee;WR104;2021
327;Jared Goff;QB40;2021
328;Mo Alie-Cox;TE43;2021
329;Teddy Bridgewater;QB41;2021
330;Olamide Zaccheaus;WR105;2021
331;Jalen Richard;RB97;2021
332;Hunter Renfrow;WR106;2021
333;Larry Rountree;RB98;2021
334;Jimmy Garoppolo;QB42;2021
335;Samaje Perine;RB99;2021
336;Travis Fulgham;WR107;2021
337;Ke'Shawn Vaughn;RB100;2021
338;Mike Boone;RB101;2021
339;David Moore;WR108;2021
340;Quintez Cephus;WR109;2021
341;Kerryon Johnson;RB102;2021
343;D'Onta Foreman;RB103;2021
346;Josh Reynolds;WR110;2021
347;Tim Patrick;WR111;2021
349;Kalen Ballage;RB104;2021
352;Deonte Harty;WR112;2021
353;Anthony Miller;WR113;2021
354;Rashard Higgins;WR114;2021
355;Matt Breida;RB105;2021
356;Ameer Abdullah;RB106;2021
358;KJ Hamler;WR115;2021
359;C.J. Uzomah;TE44;2021
361;Zach Pascal;WR116;2021
362;Marquise Goodwin;WR117;2021
365;Jonathan Williams;RB107;2021
367;Devin Funchess;WR118;2021
371;Amari Rodgers;WR119;2021
373;Stephen Anderson;TE45;2021
374;David Njoku;TE46;2021
375;Ito Smith;RB108;2021
376;Dyami Brown;WR120;2021
377;Albert Wilson;WR121;2021
379;Donald Parham Jr.;TE47;2021
381;Kendrick Bourne;WR122;2021
382;Marcus Mariota;QB43;2021
383;Antonio Gandy-Golden;WR123;2021
384;Van Jefferson;WR124;2021
386;Keelan Cole Sr.;WR125;2021
387;Tutu Atwell;WR126;2021
388;James Washington;WR127;2021
389;N'Keal Harry;WR128;2021
392;Cam Sims;WR129;2021
393;Jalen Guyton;WR130;2021
394;Chris Conley;WR131;2021
395;Shi Smith;WR132;2021
396;Preston Williams;WR133;2021
397;Damiere Byrd;WR134;2021
398;Trent Sherfield Sr.;WR135;2021
399;Michael Strachan;WR136;2021
400;Matt Jones;RB109;2021
402;Jalen Hurd;WR137;2021
405;Devin Smith;WR138;2021
406;Jordan Love;QB44;2021
409;Dezmon Patmon;WR139;2021
410;Khalil Herbert;RB110;2021
411;Rodney Adams;WR140;2021
412;Jesper Horsted;TE48;2021
413;Peyton Barber;RB111;2021
415;Demetric Felton Jr.;RB112;2021
416;Cornell Powell;WR141;2021
417;Cam Akers;RB113;2021
1;Jonathan Taylor;RB1;2022
2;Christian McCaffrey;RB2;2022
3;Austin Ekeler;RB3;2022
4;Derrick Henry;RB4;2022
5;Dalvin Cook;RB5;2022
6;Cooper Kupp;WR1;2022
7;Najee Harris;RB6;2022
8;Justin Jefferson;WR2;2022
9;Joe Mixon;RB7;2022
10;Ja'Marr Chase;WR3;2022
11;Alvin Kamara;RB8;2022
12;D'Andre Swift;RB9;2022
13;Davante Adams;WR4;2022
14;Nick Chubb;RB10;2022
15;Stefon Diggs;WR5;2022
16;Travis Kelce;TE1;2022
17;Saquon Barkley;RB11;2022
18;Javonte Williams;RB12;2022
19;Aaron Jones Sr.;RB13;2022
20;CeeDee Lamb;WR6;2022
21;Josh Allen;QB1;2022
22;Deebo Samuel Sr.;WR7;2022
23;Tyreek Hill;WR8;2022
24;Leonard Fournette;RB14;2022
25;Mark Andrews;TE2;2022
26;Mike Evans;WR9;2022
27;James Conner;RB15;2022
28;Ezekiel Elliott;RB16;2022
29;A.J. Brown;WR10;2022
30;Patrick Mahomes II;QB2;2022
31;Kyle Pitts;TE3;2022
32;Keenan Allen;WR11;2022
33;Michael Pittman Jr.;WR12;2022
34;Justin Herbert;QB3;2022
35;Tee Higgins;WR13;2022
36;Travis Etienne Jr.;RB17;2022
37;Cam Akers;RB18;2022
38;David Montgomery;RB19;2022
39;DJ Moore;WR14;2022
40;George Kittle;TE4;2022
41;Lamar Jackson;QB4;2022
42;Courtland Sutton;WR15;2022
43;Mike Williams;WR16;2022
44;Breece Hall;RB20;2022
45;Terry McLaurin;WR17;2022
46;Diontae Johnson;WR18;2022
47;Elijah Mitchell;RB21;2022
48;Josh Jacobs;RB22;2022
49;Darren Waller;TE5;2022
50;J.K. Dobbins;RB23;2022
51;AJ Dillon;RB24;2022
52;Jaylen Waddle;WR19;2022
53;Kyler Murray;QB5;2022
54;DK Metcalf;WR20;2022
55;Jalen Hurts;QB6;2022
56;Joe Burrow;QB7;2022
57;Allen Robinson II;WR21;2022
58;Antonio Gibson;RB25;2022
59;Amon-Ra St. Brown;WR22;2022
60;Dameon Pierce;RB26;2022
61;Dalton Schultz;TE6;2022
62;Brandin Cooks;WR23;2022
63;Marquise Brown;WR24;2022
64;Gabe Davis;WR25;2022
65;Chris Godwin;WR26;2022
66;Clyde Edwards-Helaire;RB27;2022
67;Jerry Jeudy;WR27;2022
68;Darnell Mooney;WR28;2022
69;Michael Thomas ;WR29;2022
70;Adam Thielen;WR30;2022
71;Chase Edmonds;RB28;2022
72;JuJu Smith-Schuster;WR31;2022
73;Amari Cooper;WR32;2022
74;T.J. Hockenson;TE7;2022
75;Tom Brady;QB8;2022
76;Russell Wilson;QB9;2022
77;Rashaad Penny ;RB29;2022
78;Devin Singletary;RB30;2022
79;Tony Pollard;RB31;2022
80;Damien Harris;RB32;2022
81;Dallas Goedert;TE8;2022
82;Rashod Bateman;WR33;2022
83;Miles Sanders;RB33;2022
84;Cordarrelle Patterson;RB34;2022
85;Kareem Hunt;RB35;2022
86;Rhamondre Stevenson;RB36;2022
87;DeAndre Hopkins;WR34;2022
88;Dak Prescott;QB10;2022
89;Aaron Rodgers;QB11;2022
90;Allen Lazard;WR35;2022
91;DeVonta Smith;WR36;2022
92;Elijah Moore;WR37;2022
93;Hunter Renfrow;WR38;2022
94;Dawson Knox;TE9;2022
95;Kenneth Walker III;RB37;2022
96;Brandon Aiyuk;WR39;2022
97;Drake London;WR40;2022
98;Christian Kirk;WR41;2022
99;Melvin Gordon;RB38;2022
100;James Cook;RB39;2022
101;Zach Ertz;TE10;2022
102;Matthew Stafford;QB12;2022
103;Robert Woods;WR42;2022
104;Trey Lance;QB13;2022
105;Chris Olave;WR43;2022
106;James Robinson;RB40;2022
107;Derek Carr;QB14;2022
108;Tyler Lockett;WR44;2022
109;Pat Freiermuth;TE11;2022
110;Treylon Burks;WR45;2022
111;Darrell Henderson Jr.;RB41;2022
112;George Pickens;WR46;2022
113;Michael Carter;RB42;2022
114;Cole Kmet;TE12;2022
115;Chase Claypool;WR47;2022
116;Kirk Cousins;QB15;2022
117;Alexander Mattison;RB43;2022
119;Kadarius Toney;WR48;2022
121;Skyy Moore;WR49;2022
122;Nyheim Hines;RB44;2022
124;Michael Gallup;WR50;2022
125;Kenneth Gainwell;RB45;2022
126;Hunter Henry;TE13;2022
127;Tua Tagovailoa;QB16;2022
128;Julio Jones;WR51;2022
131;Tyler Allgeier;RB46;2022
132;Rachaad White;RB47;2022
133;Tyler Boyd;WR52;2022
134;Garrett Wilson;WR53;2022
135;Brian Robinson Jr.;RB48;2022
136;Raheem Mostert;RB49;2022
137;Mike Gesicki;TE14;2022
138;Khalil Herbert;RB50;2022
139;Marquez Valdes-Scantling;WR54;2022
142;Justin Fields;QB17;2022
143;Jarvis Landry ;WR55;2022
145;Jamaal Williams;RB51;2022
146;Jameis Winston;QB18;2022
147;DJ Chark Jr.;WR56;2022
150;Trevor Lawrence;QB19;2022
151;Romeo Doubs;WR57;2022
152;Irv Smith Jr.;TE15;2022
153;Zamir White;RB52;2022
154;Jahan Dotson;WR58;2022
157;Albert Okwuegbunam Jr.;TE16;2022
158;David Njoku;TE17;2022
159;J.D. McKissic ;RB53;2022
160;Isaiah Spiller;RB54;2022
161;Russell Gage;WR59;2022
162;DeVante Parker;WR60;2022
163;Matt Ryan;QB20;2022
164;Jakobi Meyers;WR61;2022
165;Robert Tonyan;TE18;2022
166;Isaiah McKenzie;WR62;2022
167;Rondale Moore;WR63;2022
170;Mecole Hardman Jr.;WR64;2022
172;Mark Ingram II ;RB55;2022
173;Mac Jones;QB21;2022
174;Christian Watson;WR65;2022
175;Tyler Higbee;TE19;2022
176;D'Onta Foreman;RB56;2022
177;Noah Fant;TE20;2022
179;Jeff Wilson Jr.;RB57;2022
181;Ryan Tannehill ;QB22;2022
182;Nico Collins;WR66;2022
184;Gerald Everett;TE21;2022
185;Joshua Palmer;WR67;2022
186;Darrel Williams;RB58;2022
189;Baker Mayfield;QB23;2022
190;Mike Davis;RB59;2022
191;Alec Pierce;WR68;2022
192;Jameson Williams;WR69;2022
194;Jalen Tolbert;WR70;2022
195;Jared Goff;QB24;2022
196;Wan'Dale Robinson;WR71;2022
198;Odell Beckham Jr.;WR72;2022
199;Tyrion Davis-Price;RB60;2022
200;Isaiah Likely;TE22;2022
202;Daniel Jones;QB25;2022
204;Deshaun Watson;QB26;2022
205;Chuba Hubbard;RB61;2022
206;Kenyan Drake;RB62;2022
207;Kenny Pickett;QB27;2022
208;Zach Wilson;QB28;2022
210;K.J. Osborn;WR73;2022
211;Sammy Watkins;WR74;2022
212;Kenny Golladay;WR75;2022
217;Parris Campbell;WR76;2022
219;Austin Hooper;TE23;2022
220;Isiah Pacheco;RB63;2022
221;Evan Engram;TE24;2022
222;Hayden Hurst;TE25;2022
224;Eno Benjamin;RB64;2022
226;KJ Hamler;WR77;2022
227;Carson Wentz;QB29;2022
229;Robbie Chosen;WR78;2022
230;Davis Mills;QB30;2022
231;Ronald Jones;RB65;2022
233;Marvin Jones Jr.;WR79;2022
234;Dontrell Hilliard ;RB66;2022
235;Marcus Mariota;QB31;2022
236;Mitchell Trubisky;QB32;2022
237;Sony Michel;RB67;2022
238;Jacoby Brissett;QB33;2022
239;Marlon Mack;RB68;2022
241;Geno Smith;QB34;2022
242;Logan Thomas;TE26;2022
243;Gus Edwards;RB69;2022
244;David Bell;WR80;2022
245;Taysom Hill;TE27;2022
247;Ameer Abdullah;RB70;2022
248;Jerick McKinnon;RB71;2022
250;Myles Gaskin ;RB72;2022
251;Donovan Peoples-Jones;WR81;2022
253;Kyle Rudolph;TE28;2022
254;Corey Davis;WR82;2022
255;Rex Burkhead;RB73;2022
256;Randall Cobb;WR83;2022
257;A.J. Green;WR84;2022
258;Jimmy Garoppolo;QB35;2022
259;Ke'Shawn Vaughn;RB74;2022
260;Cameron Brate;TE29;2022
261;Van Jefferson;WR85;2022
262;Hassan Haskins;RB75;2022
263;Brevin Jordan;TE30;2022
265;Damien Williams;RB76;2022
267;Matt Breida;RB77;2022
268;Boston Scott;RB78;2022
269;Kendrick Bourne;WR86;2022
270;Drew Stanton;QB36;2022
271;D'Ernest Johnson;RB79;2022
272;Corey Clement;RB80;2022
273;Algernon Brown;RB81;2022
274;Jake Wieneke;WR87;2022
275;Desmond Ridder;QB37;2022
276;Davon Grayson;WR88;2022
277;Joshua Kelley;RB82;2022
278;Lenard Tillery;RB83;2022
279;Terrell Sinkfield;WR89;2022
280;Malik Willis;QB38;2022
281;Rajion Neal;RB84;2022
282;Dominick Wood-Anderson;TE31;2022
283;Vance McDonald;TE32;2022
285;I'Tavius Mathers;RB85;2022
286;Jake Kumerow;WR90;2022
287;Vincent Testaverde;QB39;2022
288;Paxton Lynch;QB40;2022
289;Jaylen Warren;RB86;2022
291;Senorise Perry;RB87;2022
292;Alex Tanney;QB41;2022
293;Samaje Perine;RB88;2022
294;Adam Prentice;RB89;2022
295;Mike Weber;RB90;2022
296;Jordan Mason;RB91;2022
297;Racey McMath;WR91;2022
298;Julian Edelman;WR92;2022
299;Braxton Berrios;WR93;2022
300;Zach Line;RB92;2022
301;Mo Alie-Cox;TE33;2022
302;Josh McCown;QB42;2022
303;Laviska Shenault Jr.;WR94;2022
304;Jimmy Graham;TE34;2022
305;Zay Jones;WR95;2022
306;T.J. Simmons;WR96;2022
307;Devin Duvernay;WR97;2022
308;Ryan Willis;QB43;2022
309;Wilton Speight;QB44;2022
311;Kehinde Oginni;TE35;2022
312;David Fluellen;RB93;2022
313;Sterling Shepard;WR98;2022
314;Darren Sproles;RB94;2022
315;Chris Evans;RB95;2022
316;Leroy Watson;TE36;2022
317;Quez Watkins;WR99;2022
318;Chris Streveler;QB45;2022
319;J.T. Barrett;QB46;2022
320;Marquez Callaway;WR100;2022
323;Curtis Samuel;WR101;2022
324;Kyren Williams;RB96;2022
325;C.J. Uzomah;TE37;2022
326;Zack Moss;RB97;2022
327;Kyle Philips;WR102;2022
328;Drew Lock;QB47;2022
329;Jonnu Smith;TE38;2022
330;Terrace Marshall Jr.;WR103;2022
331;Byron Pringle;WR104;2022
332;Daniel Bellinger;TE39;2022
333;William Fuller;WR105;2022
334;Kyle Juszczyk;RB98;2022
335;Jamison Crowder;WR106;2022
336;Cedrick Wilson Jr.;WR107;2022
337;Olamide Zaccheaus;WR108;2022
338;Nelson Agholor;WR109;2022
339;Trey Sermon;RB99;2022
340;T.Y. Hilton;WR110;2022
341;Velus Jones Jr.;WR111;2022
342;Adam Trautman;TE40;2022
343;Bryan Edwards;WR112;2022
1;Christian McCaffrey;RB1;2023
2;Justin Jefferson;WR1;2023
3;Austin Ekeler;RB2;2023
4;Ja'Marr Chase;WR2;2023
5;Travis Kelce;TE1;2023
6;Tyreek Hill;WR3;2023
7;Bijan Robinson;RB3;2023
8;Saquon Barkley;RB4;2023
9;Nick Chubb;RB5;2023
10;Stefon Diggs;WR4;2023
11;CeeDee Lamb;WR5;2023
12;Patrick Mahomes II;QB1;2023
13;A.J. Brown;WR6;2023
14;Derrick Henry;RB6;2023
15;Josh Jacobs;RB7;2023
16;Tony Pollard;RB8;2023
17;Davante Adams;WR7;2023
18;Cooper Kupp;WR8;2023
19;Amon-Ra St. Brown;WR9;2023
20;Josh Allen;QB2;2023
21;Garrett Wilson;WR10;2023
22;Jalen Hurts;QB3;2023
23;Najee Harris;RB9;2023
24;Jaylen Waddle;WR11;2023
25;Chris Olave;WR12;2023
26;Travis Etienne Jr.;RB10;2023
27;DeVonta Smith;WR13;2023
28;Mark Andrews;TE2;2023
29;Rhamondre Stevenson;RB11;2023
30;Joe Mixon;RB12;2023
31;Jahmyr Gibbs;RB13;2023
32;Lamar Jackson;QB4;2023
33;Tee Higgins;WR14;2023
34;Joe Burrow;QB5;2023
35;Calvin Ridley;WR15;2023
36;DK Metcalf;WR16;2023
37;Deebo Samuel Sr.;WR17;2023
38;Kenneth Walker III;RB14;2023
39;Dameon Pierce;RB15;2023
40;Aaron Jones Sr.;RB16;2023
41;Justin Herbert;QB6;2023
42;Amari Cooper;WR18;2023
43;Keenan Allen;WR19;2023
44;Justin Fields;QB7;2023
45;Breece Hall;RB17;2023
46;T.J. Hockenson;TE3;2023
47;J.K. Dobbins;RB18;2023
48;Miles Sanders;RB19;2023
49;DJ Moore;WR20;2023
50;George Kittle;TE4;2023
51;Alexander Mattison;RB20;2023
52;Darren Waller;TE5;2023
53;Terry McLaurin;WR21;2023
54;DeAndre Hopkins;WR22;2023
55;Trevor Lawrence;QB8;2023
56;Jonathan Taylor;RB21;2023
57;Cam Akers;RB22;2023
58;Christian Watson;WR23;2023
59;Javonte Williams;RB23;2023
60;James Cook;RB24;2023
61;Rachaad White;RB25;2023
62;James Conner;RB26;2023
63;Mike Williams;WR24;2023
64;Alvin Kamara;RB27;2023
65;Dalvin Cook;RB28;2023
66;Drake London;WR25;2023
67;Brandon Aiyuk;WR26;2023
68;D'Andre Swift;RB29;2023
69;Chris Godwin;WR27;2023
70;Dallas Goedert;TE6;2023
71;Kyle Pitts;TE7;2023
72;Tyler Lockett;WR28;2023
73;Christian Kirk;WR29;2023
74;Isiah Pacheco;RB30;2023
75;George Pickens;WR30;2023
76;David Montgomery;RB31;2023
77;Diontae Johnson;WR31;2023
78;Mike Evans;WR32;2023
79;Jerry Jeudy;WR33;2023
80;Michael Pittman Jr.;WR34;2023
81;AJ Dillon;RB32;2023
82;Deshaun Watson;QB9;2023
83;Evan Engram;TE8;2023
84;Jordan Addison;WR35;2023
85;Marquise Brown;WR36;2023
86;Khalil Herbert;RB33;2023
87;Jahan Dotson;WR37;2023
88;Dak Prescott;QB10;2023
89;Antonio Gibson;RB34;2023
90;Pat Freiermuth;TE9;2023
91;Jaxon Smith-Njigba;WR38;2023
92;Brian Robinson Jr.;RB35;2023
93;Tua Tagovailoa;QB11;2023
94;David Njoku;TE10;2023
95;Jamaal Williams;RB36;2023
96;Brandin Cooks;WR39;2023
97;Gabe Davis;WR40;2023
98;Zach Charbonnet;RB37;2023
99;Aaron Rodgers;QB12;2023
100;Courtland Sutton;WR41;2023
101;Zay Flowers;WR42;2023
103;Michael Thomas;WR43;2023
104;Samaje Perine;RB38;2023
105;Kirk Cousins;QB13;2023
107;Rashaad Penny;RB39;2023
108;Anthony Richardson;QB14;2023
109;De'Von Achane;RB40;2023
110;Dalton Kincaid;TE11;2023
111;Kadarius Toney;WR44;2023
112;JuJu Smith-Schuster;WR45;2023
113;Odell Beckham Jr.;WR46;2023
114;Raheem Mostert;RB41;2023
115;Daniel Jones;QB15;2023
116;Skyy Moore;WR47;2023
118;Treylon Burks;WR48;2023
119;Elijah Mitchell;RB42;2023
120;Elijah Moore;WR49;2023
121;Jaylen Warren;RB43;2023
122;Quentin Johnston;WR50;2023
123;Geno Smith;QB16;2023
124;Ezekiel Elliott;RB44;2023
125;Dalton Schultz;TE12;2023
126;Damien Harris;RB45;2023
128;Jared Goff;QB17;2023
129;Tank Bigsby;RB46;2023
130;Adam Thielen;WR51;2023
131;Jerick McKinnon;RB47;2023
132;Allen Lazard;WR52;2023
133;Cole Kmet;TE13;2023
134;Tyler Allgeier;RB48;2023
137;Tyler Higbee;TE14;2023
138;Chig Okonkwo;TE15;2023
139;Romeo Doubs;WR53;2023
142;D'Onta Foreman;RB49;2023
144;Rashod Bateman;WR54;2023
145;Russell Wilson;QB18;2023
146;Jameson Williams;WR55;2023
147;Sam LaPorta;TE16;2023
150;Roschon Johnson;RB50;2023
151;Derek Carr;QB19;2023
152;Kenneth Gainwell;RB51;2023
153;Kareem Hunt;RB52;2023
154;Jalin Hyatt;WR56;2023
155;Brock Purdy;QB20;2023
157;Juwan Johnson;TE17;2023
158;Devin Singletary;RB53;2023
159;Deuce Vaughn;RB54;2023
160;Kenny Pickett;QB21;2023
161;Nico Collins;WR57;2023
162;Jordan Love;QB22;2023
163;Jakobi Meyers;WR58;2023
164;Tyler Boyd;WR59;2023
165;Tyjae Spears;RB55;2023
166;Kendre Miller;RB56;2023
167;Marvin Mims Jr.;WR60;2023
168;Greg Dulcich;TE18;2023
169;Darnell Mooney;WR61;2023
171;Deon Jackson;RB57;2023
172;Rashee Rice;WR62;2023
174;Bryce Young;QB23;2023
176;Chuba Hubbard;RB58;2023
177;Luke Musgrave;TE19;2023
180;Jonathan Mingo;WR63;2023
181;Zay Jones;WR64;2023
183;Van Jefferson;WR65;2023
185;Sam Howell;QB24;2023
186;Rondale Moore;WR66;2023
187;Matthew Stafford;QB25;2023
188;Gerald Everett;TE20;2023
189;Donovan Peoples-Jones;WR67;2023
192;Zack Moss;RB59;2023
193;C.J. Stroud;QB26;2023
194;Gus Edwards;RB60;2023
196;Kyler Murray;QB27;2023
197;K.J. Osborn;WR68;2023
199;Taysom Hill;TE21;2023
200;Jimmy Garoppolo;QB28;2023
202;Clyde Edwards-Helaire;RB61;2023
203;Michael Gallup;WR69;2023
204;Joshua Kelley;RB62;2023
205;Cordarrelle Patterson;RB63;2023
206;Jake Ferguson;TE22;2023
209;Zamir White;RB64;2023
210;Alec Pierce;WR70;2023
211;Ty Chandler;RB65;2023
212;Irv Smith Jr.;TE23;2023
213;Jayden Reed;WR71;2023
214;Marquez Valdes-Scantling;WR72;2023
215;Chase Brown;RB66;2023
217;Tank Dell;WR73;2023
218;Sean Tucker;RB67;2023
219;Michael Mayer;TE24;2023
220;Ryan Tannehill;QB29;2023
221;Jerome Ford;RB68;2023
224;Justyn Ross;WR74;2023
225;Evan Hull;RB69;2023
226;Baker Mayfield;QB30;2023
228;DJ Chark Jr.;WR75;2023
229;Mike Gesicki;TE25;2023
230;Dawson Knox;TE26;2023
231;Mac Jones;QB31;2023
233;Isaiah Hodgins;WR76;2023
236;Zach Ertz;TE27;2023
237;Desmond Ridder;QB32;2023
239;Leonard Fournette;RB70;2023
240;Hunter Renfrow;WR77;2023
241;Tyler Conklin;TE28;2023
243;DeVante Parker;WR78;2023
244;Curtis Samuel;WR79;2023
246;Rashid Shaheed;WR80;2023
247;John Metchie III;WR81;2023
248;Mecole Hardman Jr.;WR82;2023
249;Kyren Williams;RB71;2023
251;Parris Campbell;WR83;2023
252;Isaiah Likely;TE29;2023
253;Wan'Dale Robinson;WR84;2023
254;Richie James Jr.;WR85;2023
255;Aidan O'Connell;QB33;2023
257;Joshua Dobbs;QB34;2023
258;Kyle Trask;QB35;2023
260;Hunter Henry;TE30;2023
261;Josh Downs;WR86;2023
262;Clayton Tune;QB36;2023
263;Hayden Hurst;TE31;2023
264;Trey McBride;TE32;2023
265;Jeff Wilson Jr.;RB72;2023
266;Zach Evans;RB73;2023
267;Michael Wilson;WR87;2023
268;DeWayne McBride;RB74;2023
269;Keaontay Ingram;RB75;2023
270;Chase Edmonds;RB76;2023
271;Joshua Palmer;WR88;2023
272;Puka Nacua;WR89;2023
273;Darius Slayton;WR90;2023
274;Cade Otton;TE33;2023
275;Noah Fant;TE34;2023
276;Jaleel McLaughlin;RB77;2023
277;Israel Abanikanda;RB78;2023
279;Charles McClelland;RB79;2023
280;Sam Darnold;QB37;2023
281;Elijah Holyfield;RB80;2023
282;Isaiah Bowser;RB81;2023
283;Kyle Rudolph;TE35;2023
284;Chase Claypool;WR91;2023
285;Xavier Ubosi;WR92;2023
287;Michael Carter;RB82;2023
288;Matt Schaub;QB38;2023
289;Mike White;QB39;2023
290;Tommy DeVito;QB40;2023
291;Logan Thomas;TE36;2023
292;Scotty Miller;WR93;2023
293;Derek Watt;RB83;2023
294;Khalil Shakir;WR94;2023
295;Robert Woods;WR95;2023
296;Charleston Rambo;WR96;2023
297;Brayden Willis;TE37;2023
298;Allen Robinson II;WR97;2023
301;Latavius Murray;RB84;2023
302;Terrace Marshall Jr.;WR98;2023
305;Jelani Woods;TE38;2023
306;Cedric Tillman;WR99;2023
307;Luke Schoonmaker;TE39;2023
309;Rico Dowdle;RB85;2023
310;Davis Allen;TE40;2023
312;Noah Gindorff;TE41;2023
313;Trey Lance;QB41;2023
314;Salvon Ahmed;RB86;2023
315;Leroy Watson;TE42;2023
316;Chad Henne;QB42;2023
319;Chris Evans;RB87;2023
320;Andy Janovich;RB88;2023
321;Pierre Strong Jr.;RB89;2023
322;Tyquan Thornton;WR100;2023
324;Darius Jackson;RB90;2023
325;Josh Reynolds;WR101;2023
326;Mack Hollins;WR102;2023
328;Marvin Jones Jr.;WR103;2023
329;Matt Ryan;QB43;2023
330;O.J. Howard;TE43;2023
331;Matt Breida;RB91;2023
333;Trey Palmer;WR104;2023
334;Josh Rosen;QB44;2023
335;Chris Rodriguez Jr.;RB92;2023
337;Mike Glennon;QB45;2023
338;Raheem Blackshear;RB93;2023
339;Benjamin Watson;TE44;2023
340;Chris Brooks;RB94;2023
341;Justin Watson;WR105;2023
342;Danny Vitale;RB95;2023
344;Ryan Fitzpatrick;QB46;2023
345;Zach Wilson;QB47;2023
346;Bobby Holly;RB96;2023
347;Jason Witten;TE45;2023
348;Philip Rivers;QB48;2023
349;Jazz Ferguson;WR106;2023
350;Blaine Gabbert;QB49;2023
353;Jake Luton;QB50;2023
355;Kyle Sloter;QB51;2023
1;Christian McCaffrey;RB1;2024
2;Tyreek Hill;WR1;2024
3;CeeDee Lamb;WR2;2024
4;Justin Jefferson;WR3;2024
5;Bijan Robinson;RB2;2024
6;Breece Hall;RB3;2024
7;Ja'Marr Chase;WR4;2024
8;Amon-Ra St. Brown;WR5;2024
9;A.J. Brown;WR6;2024
10;Saquon Barkley;RB4;2024
11;Jonathan Taylor;RB5;2024
12;Jahmyr Gibbs;RB6;2024
13;Garrett Wilson;WR7;2024
14;Puka Nacua;WR8;2024
15;Marvin Harrison Jr.;WR9;2024
16;Travis Etienne Jr.;RB7;2024
17;Kyren Williams;RB8;2024
18;Derrick Henry;RB9;2024
19;Josh Jacobs;RB10;2024
20;De'Von Achane;RB11;2024
21;Drake London;WR10;2024
22;Davante Adams;WR11;2024
23;Josh Allen;QB1;2024
24;Isiah Pacheco;RB12;2024
25;Chris Olave;WR12;2024
26;Deebo Samuel Sr.;WR13;2024
27;Nico Collins;WR14;2024
28;Travis Kelce;TE1;2024
29;Jalen Hurts;QB2;2024
30;Sam LaPorta;TE2;2024
31;Patrick Mahomes II;QB3;2024
32;James Cook;RB13;2024
33;Rachaad White;RB14;2024
34;Brandon Aiyuk;WR15;2024
35;Michael Pittman Jr.;WR16;2024
36;Cooper Kupp;WR17;2024
37;Mike Evans;WR18;2024
38;Lamar Jackson;QB4;2024
39;Jaylen Waddle;WR19;2024
40;DJ Moore;WR20;2024
41;Stefon Diggs;WR21;2024
42;DK Metcalf;WR22;2024
43;Kenneth Walker III;RB15;2024
44;Joe Mixon;RB16;2024
45;Alvin Kamara;RB17;2024
46;Malik Nabers;WR23;2024
47;DeVonta Smith;WR24;2024
48;Trey McBride;TE3;2024
49;Dalton Kincaid;TE4;2024
50;Mark Andrews;TE5;2024
51;C.J. Stroud;QB5;2024
52;Anthony Richardson;QB6;2024
53;Aaron Jones Sr.;RB18;2024
54;Amari Cooper;WR25;2024
55;D'Andre Swift;RB19;2024
56;James Conner;RB20;2024
57;George Pickens;WR26;2024
58;Rhamondre Stevenson;RB21;2024
59;Tee Higgins;WR27;2024
60;Zay Flowers;WR28;2024
61;Tank Dell;WR29;2024
62;George Kittle;TE6;2024
63;Terry McLaurin;WR30;2024
64;Kyle Pitts;TE7;2024
65;David Montgomery;RB22;2024
66;Kyler Murray;QB7;2024
67;Rashee Rice;WR31;2024
68;Zamir White;RB23;2024
69;Najee Harris;RB24;2024
70;Christian Kirk;WR32;2024
71;Joe Burrow;QB8;2024
72;Evan Engram;TE8;2024
73;Keenan Allen;WR33;2024
74;Jordan Love;QB9;2024
75;Chris Godwin;WR34;2024
76;Raheem Mostert;RB25;2024
77;Javonte Williams;RB26;2024
78;Dak Prescott;QB10;2024
79;Tony Pollard;RB27;2024
80;Calvin Ridley;WR35;2024
81;Jayden Reed;WR36;2024
82;Xavier Worthy;WR37;2024
83;Jake Ferguson;TE9;2024
84;Devin Singletary;RB28;2024
85;Zack Moss;RB29;2024
86;Diontae Johnson;WR38;2024
87;Jaylen Warren;RB30;2024
88;David Njoku;TE10;2024
89;Rome Odunze;WR39;2024
90;Brock Bowers;TE11;2024
91;Brian Robinson Jr.;RB31;2024
92;Jonathon Brooks;RB32;2024
93;Austin Ekeler;RB33;2024
94;Nick Chubb;RB34;2024
95;Jaxon Smith-Njigba;WR40;2024
96;Caleb Williams;QB11;2024
97;Brock Purdy;QB12;2024
98;Christian Watson;WR41;2024
99;Ladd McConkey;WR42;2024
100;DeAndre Hopkins;WR43;2024
101;Jordan Addison;WR44;2024
102;Jayden Daniels;QB13;2024
103;Jerome Ford;RB35;2024
104;Tyjae Spears;RB36;2024
105;Chase Brown;RB37;2024
106;Marquise Brown;WR45;2024
107;Tua Tagovailoa;QB14;2024
108;Keon Coleman;WR46;2024
109;Jameson Williams;WR47;2024
110;Courtland Sutton;WR48;2024
111;Jared Goff;QB15;2024
112;Brian Thomas Jr.;WR49;2024
113;Ezekiel Elliott;RB38;2024
114;Gus Edwards;RB39;2024
115;Trey Benson;RB40;2024
116;Blake Corum;RB41;2024
117;Dallas Goedert;TE12;2024
118;Chuba Hubbard;RB42;2024
119;Romeo Doubs;WR50;2024
120;J.K. Dobbins;RB43;2024
121;Curtis Samuel;WR51;2024
122;Trevor Lawrence;QB16;2024
123;Khalil Shakir;WR52;2024
124;T.J. Hockenson;TE13;2024
125;Justin Herbert;QB17;2024
126;Dalton Schultz;TE14;2024
127;Zach Charbonnet;RB44;2024
128;Rico Dowdle;RB45;2024
129;Pat Freiermuth;TE15;2024
130;Joshua Palmer;WR53;2024
132;Cole Kmet;TE16;2024
133;Ty Chandler;RB46;2024
134;Tyler Lockett;WR54;2024
135;Kirk Cousins;QB18;2024
137;Jakobi Meyers;WR55;2024
138;Jerry Jeudy;WR56;2024
139;Aaron Rodgers;QB19;2024
140;Jaylen Wright;RB47;2024
141;Tyler Allgeier;RB48;2024
142;Mike Williams;WR57;2024
144;Jaleel McLaughlin;RB49;2024
145;Adonai Mitchell;WR58;2024
146;Matthew Stafford;QB20;2024
147;Gabe Davis;WR59;2024
148;Taysom Hill;TE17;2024
149;MarShawn Lloyd;RB50;2024
150;Antonio Gibson;RB51;2024
151;Rashid Shaheed;WR60;2024
152;Brandin Cooks;WR61;2024
153;Dontayvion Wicks;WR62;2024
156;Luke Musgrave;TE18;2024
157;Ray Davis;RB52;2024
158;Baker Mayfield;QB21;2024
160;Adam Thielen;WR63;2024
161;Xavier Legette;WR64;2024
162;Kimani Vidal;RB53;2024
164;Bucky Irving;RB54;2024
167;Ja'Lynn Polk;WR65;2024
168;Braelon Allen;RB55;2024
169;Darnell Mooney;WR66;2024
171;Deshaun Watson;QB22;2024
173;Michael Wilson;WR67;2024
174;Josh Downs;WR68;2024
175;Will Levis;QB23;2024
176;Tyrone Tracy Jr.;RB56;2024
177;Khalil Herbert;RB57;2024
179;Geno Smith;QB24;2024
180;Isaiah Likely;TE19;2024
181;Tyler Conklin;TE20;2024
183;Hunter Henry;TE21;2024
187;Quentin Johnston;WR69;2024
188;Jordan Mason;RB58;2024
189;Jahan Dotson;WR70;2024
191;DeMario Douglas;WR71;2024
192;Bo Nix;QB25;2024
193;Bryce Young;QB26;2024
194;Cade Otton;TE22;2024
195;Chig Okonkwo;TE23;2024
196;Derek Carr;QB27;2024
197;Tank Bigsby;RB59;2024
198;Justin Fields;QB28;2024
199;Daniel Jones;QB29;2024
201;Ben Sinnott;TE24;2024
202;Drake Maye;QB30;2024
203;Russell Wilson;QB31;2024
204;Alexander Mattison;RB60;2024
205;Troy Franklin;WR72;2024
207;Jermaine Burton;WR73;2024
210;Sam Darnold;QB32;2024
211;Audric Estime;RB61;2024
213;Luke McCaffrey;WR74;2024
214;Dameon Pierce;RB62;2024
215;Marvin Mims Jr.;WR75;2024
216;Roschon Johnson;RB63;2024
217;Wan'Dale Robinson;WR76;2024
218;Jonnu Smith;TE25;2024
220;Kendre Miller;RB64;2024
221;Ricky Pearsall;WR77;2024
222;Jamaal Williams;RB65;2024
223;Noah Fant;TE26;2024
224;Rashod Bateman;WR78;2024
225;Will Shipley;RB66;2024
226;Gardner Minshew II;QB33;2024
227;Justice Hill;RB67;2024
228;Clyde Edwards-Helaire;RB68;2024
230;Kenneth Gainwell;RB69;2024
231;Greg Dortch;WR79;2024
233;Roman Wilson;WR80;2024
234;Jalen McMillan;WR81;2024
235;Juwan Johnson;TE27;2024
238;Ja'Tavion Sanders;TE28;2024
239;Samaje Perine;RB70;2024
241;Mike Gesicki;TE29;2024
242;Keaton Mitchell;RB71;2024
243;Dyami Brown;WR82;2024
244;Jacoby Brissett;QB34;2024
245;Demarcus Robinson;WR83;2024
246;Dalvin Cook;RB72;2024
247;Tyler Boyd;WR84;2024
248;Malachi Corley;WR85;2024
251;Theo Johnson;TE30;2024
252;Zach Ertz;TE31;2024
253;Trey Sermon;RB73;2024
254;Jalen Tolbert;WR86;2024
255;Isaac Guerendo;RB74;2024
256;Greg Dulcich;TE32;2024
257;Aidan O'Connell;QB35;2024
259;Kareem Hunt;RB75;2024
261;Hayden Hurst;TE33;2024
262;Dylan Laube;RB76;2024
264;Cam Akers;RB77;2024
265;Carson Steele;RB78;2024
266;Colby Parkinson;TE34;2024
268;D'Onta Foreman;RB79;2024
269;DJ Chark Jr.;WR87;2024
270;Javon Baker;WR88;2024
272;Miles Sanders;RB80;2024
273;Odell Beckham Jr.;WR89;2024
274;Andrei Iosivas;WR90;2024
278;Darius Slayton;WR91;2024
279;Dawson Knox;TE35;2024
280;Joe Flacco;QB36;2024
283;Jalin Hyatt;WR92;2024
284;Michael Penix Jr.;QB37;2024
288;Eric Gray;RB81;2024
293;Michael Mayer;TE36;2024
294;Brenden Rice;WR93;2024
296;Elijah Moore;WR94;2024
297;Leroy Watson;TE37;2024
298;Malik Washington;WR95;2024
299;Andy Janovich;RB82;2024
300;Daniel Bellinger;TE38;2024
301;Devontez Walker;WR96;2024
302;Cordarrelle Patterson;RB83;2024
303;Zay Jones;WR97;2024
304;Kendrick Bourne;WR98;2024
305;Tre Tucker;WR99;2024
306;Tucker Kraft;TE39;2024
307;Treylon Burks;WR100;2024
308;O.J. Howard;TE40;2024
309;Davis Cheek;QB38;2024
310;Albert Wilson;WR101;2024
311;Jordan Whittington;WR102;2024
312;Peewee Jarrett;QB39;2024
313;Deuce Vaughn;RB84;2024
314;Calvin Austin III;WR103;2024
315;Noah Brown;WR104;2024
316;Larry Rose;RB85;2024
317;Jonathan Mingo;WR105;2024
318;J.J. Taylor;RB86;2024
319;Austin Aune;QB40;2024
320;Van Jefferson;WR106;2024
321;Kevin White;WR107;2024
322;Danny Vitale;RB87;2024
323;Rasheen Ali;RB88;2024
325;Isaiah Bowser;RB89;2024
326;Emanuel Wilson;RB90;2024
327;K.J. Osborn;WR108;2024
328;Jeff Wilson Jr.;RB91;2024
329;Zay Malone;WR109;2024
330;Alec Pierce;WR110;2024
331;Frank Gore Jr.;RB92;2024
332;Josh Reynolds;WR111;2024
333;Mark Ingram;RB93;2024
335;Jalen Nailor;WR112;2024
336;Evan Hull;RB94;2024
338;Wendell Smallwood;RB95;2024
339;Nick Keizer;TE41;2024
340;Mo Alie-Cox;TE42;2024
341;James White;RB96;2024
343;A.T. Perry;WR113;2024
344;Jason Witten;TE43;2024
345;Vernon Davis;TE44;2024